职位名称,公司名称,薪资范围,工作地点,经验要求,学历要求,职位类型,技能标签,福利待遇
人工智能数据标注处理专员,智沐数字,3k-6k,[济南·章丘区],经验不限 , 不限,人工智能服务 ,软件服务｜咨询人工智能服务无人驾驶计算机,“带薪培训 岗位晋升 可开实习证明”
下一代网络与人工智能科学家/专家,亚信科技,20k-30k,[北京·海淀区],经验不限 , 硕士,软件服务,软件服务｜咨询资深架构师网络专家,“六险一金”
人工智能开发工程师,融勤教育,20k-25k,[东莞·东莞市市辖区],经验3-5年 , 本科,数据服务,软件服务｜咨询PyTorchOpenCV机器学习算法/工程化经验计算机相关专业,“有发展前景，团队氛围好。”
人工智能开发,亚信科技,15k-30k,[北京·海淀区],经验3-5年 , 本科,软件服务,软件服务｜咨询Python,“大模型开发 智能体开发 agent”
人工智能讲师,融勤教育,18k-25k,[东莞·东莞市市辖区],经验3-5年 , 大专,数据服务,软件服务｜咨询教育｜培训,“有良好的发展前景”
人工智能内容大客户经理-国际化音乐,字节跳动,25k-50k,[上海·杨浦区],经验3-5年 , 本科,"内容资讯,短视频 ",运营,"“下午茶,健身瑜伽,六险一金,股票期权”"
大数据和人工智能部项目管理岗(J15261),阳光保险集团,15k-25k,[北京·永顺],经验1-3年 , 硕士,科技金融 ,人工智能服务基础业务产品数据产品中后台产品科技金融,“跟踪人工智能领域和保险领域最新动态”
人工智能算法工程师,华为技术有限公司,18k-35k,[上海·青浦区],经验不限 , 本科,"智能硬件,IT技术服务",人工智能服务计算机相关专业深度学习经验图像｜视频处理Python,“团队大牛多，天才少年等导师团队带入门”
人工智能工程师-航空航天方向,成都云智优企业管理咨询有限公司,40k-50k,[北京·石景山区],经验5-10年 , 博士,专业服务,营销服务｜咨询专业服务｜咨询,"“五险一金,周末双休,专业培训”"
人工智能工程师实习,陕西华码半导体科技有限公司,7k-9k,[西安·雁塔区],经验1-3年 , 本科,"物流平台,物流",物流平台物流｜运输,"“五险一金,专业培训,交通补贴”"
大数据与人工智能学院教师（大数据应用开发方向）,重庆工程学院,7k-10k,[重庆·巴南区],经验3-5年 , 硕士,教育,教育｜培训,"“免费班车,五险一金,绩效奖金”"
人工智能工程师-NIBS生物信息学中心,北京生命科学研究所,7k-10k,[北京·昌平区],经验不限 , 本科,制造业 ,制造业,"“免费班车,五险一金,定期体检”"
人工智能工程师,嘉喆科技（嘉兴）股份有限公司,13k-20k,[嘉兴·海宁市],经验5-10年 , 本科,专业服务,专业服务｜咨询,“发展前景佳、团队实力强、老板nice”
人工智能应用开发工程师,安徽柯恩,10k-15k,[西双版纳·景洪市],经验1-3年 , 本科,金融业 ,金融业,“方案”
人工智能大模型项目经理,长盈精密,15k-25k,[东莞·石排镇],经验3-5年 , 本科,金融业 ,金融业,“方案”
人工智能,江苏苏宁银行股份有限公司,25k-50k,[南京·建邺区],经验3-5年 , 本科,制造业 ,制造业,"“五险一金,绩效奖金,做五休二”"
人工智能工程师,湖北永业行,13k-26k,[武汉·武昌区],经验3-5年 , 本科,制造业 ,制造业,"“五险一金,绩效奖金,定期体检”"
Data&AI specialist/人工智能数据专员,博世力士乐（北京）液压有限公司,15k-25k,[北京·通州区],暂无,暂无,医疗,医疗｜保健｜美容,“发展前景佳、团队实力强、老板nice”
人工智能,申洲国际,10k-18k,[宁波·北仑区],经验1-3年 , 本科,专业服务,营销服务｜咨询专业服务｜咨询,"“五险一金,免费班车,绩效奖金”"
python开发工程师,北京指南针,15k-30k,[北京·北七家],经验1-3年 , 本科,科技金融 ,大数据开发经验科技金融计算机相关专业,“发展空间大，国内外旅游，带薪年假，发展前景好”
Python开发工程师,帮伯乐,11k-20k,[天津·南开区],经验1-3年 , 本科,专业服务,营销服务｜咨询专业服务｜咨询,“方案”
python开发工程师,睿智思科,7k-14k,[北京·奥运村],经验不限 , 本科,IT技术服务,IT技术服务｜咨询Ruby数据服务｜咨询,“公司内部的薪酬机制非常灵活，成长空间很高”
python开发工程师,深智无限,15k-18k,[深圳·西丽],经验3-5年 , 本科,人工智能服务 ,人工智能服务,“办公环境优，氛围好。”
Python工程师,东莞宇宙,9k-13k,[东莞],经验1-3年 , 大专,制造业 ,制造业,"“五险一金,绩效奖金,包吃”"
python开发工程师,第三石科技,13k-25k,[北京·朝阳区],经验1-3年 , 本科,生活服务 ,后端电商平台,“平台好 高精尖技术氛围”
python开发工程师,领星,15k-30k,[深圳·西丽],经验不限 , 本科,软件服务,电商平台,“健康体检、团建、节日礼品、结婚礼、”
python开发工程师,帮伯乐,10k-18k,[上海·闵行区],经验1-3年 , 本科,专业服务,营销服务｜咨询专业服务｜咨询,“方案”
Python开发工程师,领星,15k-30k,[深圳·西丽],经验1-3年 , 本科,软件服务,软件服务｜咨询爬虫经验大数据开发经验计算机相关专业电商平台,“晋升空间大”
python开发工程师,奇点浩翰,15k-30k,[北京·东四],经验3-5年 , 本科,数据服务,软件服务｜咨询DjangoMySql运维开发经验计算机相关专业,“平台稳健”
python开发工程师,广州南天,10k-12k,[广州·棠景],经验3-5年 , 本科,IT技术服务,JAVAIT技术服务｜咨询计算机相关专业,“双休、法定休假”
python开发工程师,京北方,22k-24k,[北京·海淀区],经验5-10年 , 本科,IT技术服务,软件服务｜咨询IT技术服务｜咨询,“不加班”
python数据开发工程师,北京指南针,15k-30k,[北京·北七家],经验1-3年 , 本科,科技金融 ,科技金融,“上市公司”
Python资深后端开发工程师,Veeva System维我软件,30k-50k,[北京·朝阳区],经验10年以上 , 本科,软件服务,JAVAGolang软件服务｜咨询架构设计CRM,“多元化福利，行业领导者”
python高级开发工程师,Veeva System维我软件,30k-40k,[北京·朝阳区],经验5-10年 , 本科,软件服务,JAVA软件服务｜咨询GO架构设计CRM,“世界前 50 强制药企业”
数据产品经理,AfterShip,25k-35k,[深圳·南山区],经验不限 , 不限,软件服务,软件服务｜咨询数据分析平台高级产品经理工具类产品TO B,“发展前景好、团队氛围好”
数据产品经理,中招互连科技公司,18k-22k,[北京·西城区],经验5-10年 , 本科,"区块链,软件开发 ",商业｜交易产品软件服务｜咨询中后台产品TO B数据服务｜咨询,“牛人团队，公司发展前景好”
数据产品经理(业务型) -抖音电商,字节跳动,28k-50k,[杭州·余杭区],经验不限 , 本科,"内容资讯,短视频 ",弹性工作就近租房补贴年度体检补充商保,"“健身瑜伽,五险一金,股票期权,大牛带队”"
商业化CRM数据产品经理 CRM Data Product Manager,字节跳动,30k-60k,[北京·朝阳区],经验3-5年 , 本科,"内容资讯,短视频 ",弹性工作就近租房补贴年度体检补充商保,"“下午茶,健身瑜伽,股票期权,团队氛围好”"
数据产品经理 (MJ010542),SHEIN,20k-40k,[上海·北新泾],经验3-5年 , 本科,电商平台 ,高级产品经理电商平台,“电商独角兽”
数据产品经理（风险策略方向） (MJ001855),百融云创,18k-28k,[北京·朝阳区],经验1-3年 , 本科,"科技金融,人工智能服务 ",人工智能服务科技金融,“平台稳定，发展空间大，领导好”
数据产品经理 (MJ000926),百融云创,20k-35k,[北京·朝阳区],经验3-5年 , 本科,"科技金融,人工智能服务 ",人工智能服务科技金融TO B,“发展空间大，福利好”
数据产品经理 (MJ010542),SHEIN,20k-40k,[深圳·西丽],经验3-5年 , 本科,电商平台 ,高级产品经理电商平台,“电商独角兽”
数据产品经理,中汇（广东）产业科技有限公司,6k-9k,[广州·天河区],经验3-5年 , 大专,教育 ,鞋服中台/后台产品零售行业小程序/H5产品AI产品,"“绩效奖金,周末双休,专业培训”"
高级数据产品经理,启高科技,18k-23k,[厦门·松柏],经验5-10年 , 本科,电商平台 ,高级产品经理TO B电商平台,“长期稳定”
数据产品经理,北京京东世纪贸易有限公司,25k-50k,[北京·通州区],经验5-10年 , 本科,区块链 ,资深产品经理TO GTO BAI产品数据要素,“互联网核心业态”
数据产品经理,天河国云,12k-22k,[长沙·长沙县],经验5-10年 , 本科,数据服务,商业｜交易产品高级产品经理营销服务｜咨询TO B数据服务｜咨询,“产业区块链龙头企业”
数据产品经理,探迹科技,15k-25k,[广州·海珠区],经验不限 , 本科,在线教育 ,教育｜培训资深产品经理在线教育高级产品经理TO C,“【独角兽企业/SaaS全国top】”
数据产品经理,作业帮,23k-45k,[北京·西二旗],经验5-10年 , 本科,"新零售,电商平台 ",生活服务新零售,“发展前景好，团队实力强”
抖音游戏数据产品经理,字节跳动,20k-40k,[北京·海淀区],经验3-5年 , 本科,"内容资讯,短视频 ",弹性工作就近租房补贴年度体检补充商保,"“下午茶,健身瑜伽,六险一金,股票期权”"
数据产品经理-增长营销平台,字节跳动,30k-60k,[深圳·南山区],经验3-5年 , 本科,"内容资讯,短视频 ",弹性工作就近租房补贴年度体检补充商保,"“健身瑜伽,六险一金,股票期权,带薪休假”"
高级/资深数据产品经理 (MJ010535),SHEIN,25k-45k,[南京·安德门],经验3-5年 , 本科,电商平台 ,高级产品经理电商平台,“电商独角兽”
高级/资深数据产品经理 (MJ010535),SHEIN,25k-45k,[深圳·西丽],经验3-5年 , 本科,电商平台 ,高级产品经理电商平台,“电商独角兽”
高级产品经理（数据产品） (MJ001776),百融云创,20k-30k,[北京·朝阳区],经验5-10年 , 本科,"科技金融,人工智能服务 ",人工智能服务中台/后台产品科技金融TO B,“平台稳定，发展空间大，领导好”
数据产品经理,百秋尚美,25k-35k,[上海·长宁区],经验5-10年 , 本科,"电商平台,内容社区 ",内容社区电商平台,“发展前景佳、团队实力强、老板nice”
数据产品经理,成都卡社诺网络技术有限责任公司,15k-19k,[成都·光华],经验3-5年 , 本科,"游戏,移动互联网 ",中高级产品经理消费生活数据服务｜咨询,“福利待遇佳”
数据产品经理,异连科技,13k-20k,[重庆·五里店],经验3-5年 , 本科,"电商平台,软件服务",软件服务｜咨询搜索｜推荐产品中后台产品TO B电商平台,“自研 架构扁平 氛围活跃 年轻化 不卷 双休”
数据产品经理,润杨集团,20k-30k,[深圳·国贸],经验5-10年 , 本科,其他 ,数据治理数据中台物联网数据服务｜咨询,“业务稳健、平台大、前景好、发挥空间大”
数据产品经理,百度,20k-30k,[北京·西北旺],经验1-3年 , 本科,"人工智能服务,信息检索,科技金融 ",工具类产品,“团队氛围好”
大数据产品经理,金信网银,10k-20k,[北京·西三旗],经验3-5年 , 本科,"金融,数据服务 ",金融大数据软件行业,“五险一金、带薪年假、补充医疗保险、定期体检。”
大数据产品经理,湖北华旺达信息技术,12k-16k,[武汉·东西湖区],经验3-5年 , 大专,"移动互联网,金融 ",物流｜运输,“包两餐，双休 五险一金 带薪年假”
数据产品经理,极智嘉,20k-40k,[北京·顺义区],经验3-5年 , 本科,智能硬件 ,工具类产品专业服务｜咨询,“弹性工作，双休，成长空间大”
数据产品经理,DataTower.ai,20k-40k,[深圳·西丽],经验3-5年 , 本科,营销服务,营销服务｜咨询TO B数据服务｜咨询广告产品,“7天年假，业务上升期，弹性打卡，团队优秀”
数据产品经理,Shopee,20k-35k,[上海·七宝],经验1-3年 , 本科,电商平台 ,高级产品经理跨境贸易策略产品初级产品经理电商平台,“WLB”
高级数据产品经理-开发套件方向,字节跳动,15k-30k,[北京·海淀区],经验3-5年 , 本科,"内容资讯,短视频 ",弹性工作就近租房补贴年度体检补充商保,"“健身瑜伽,五险一金,股票期权,带薪休假”"
商业化CRM数据产品经理 CRM Data Product Manager,字节跳动,30k-60k,[北京·朝阳区],经验3-5年 , 本科,"内容资讯,短视频 ",弹性工作就近租房补贴年度体检补充商保,"“下午茶,健身瑜伽,股票期权,团队氛围好”"
数据产品经理 (MJ010542),SHEIN,20k-40k,[南京·雨花台区],经验3-5年 , 本科,电商平台 ,高级产品经理电商平台,“电商独角兽”
数据产品经理,中技数科,10k-20k,[成都·武侯区],经验5-10年 , 本科,软件服务,电商平台,“团队氛围轻松”
高级数据产品经理,达达集团,35k-45k,[北京·清源],经验5-10年 , 本科,"新零售,电商平台 ",思维导图物流平台VisioAxure,“团队氛围好，可接触各类数据产品”
数据产品经理,汇易达,16k-28k,[南京·建邺区],经验5-10年 , 本科,"科技金融,人工智能服务 ",中后台产品保险科技数据服务｜咨询,“团队氛围好 福利待遇优”
数据产品经理,生命奇点,30k-50k,[北京·国贸],经验3-5年 , 本科,数据服务,医疗｜保健｜美容资深产品经理高级产品经理,“牛人多”
数据产品经理,软澈信息,8k-12k,[武汉·西马],经验3-5年 , 本科,IT技术服务,TO B物联网电商平台,“五险一金带薪年假体检等”
数据产品经理,太极数智,18k-28k,[深圳·福田区],经验3-5年 , 本科,人工智能服务 ,人工智能服务TO GTO B数据服务｜咨询,“年终奖丰厚、六险一金、弹性工作、生日会”
数据产品经理,国牛云,6k-12k,[合肥·蜀山区],经验3-5年 , 本科,软件服务,软件服务｜咨询基础业务产品资深产品经理高级产品经理初级产品经理,“发展前景大”
数据产品经理,赛一跨境电子商务（杭州）有限公司,10k-20k,[深圳·大冲],经验1-3年 , 本科,"新零售,营销服务",电商平台,“数据分析”
数据产品经理,预策科技,20k-40k,[杭州·余杭区],经验3-5年 , 本科,数据服务,软件服务｜咨询资深产品经理产品专家TO B数据服务｜咨询,“团队实力 氛围nice”
数据平台产品经理,永辉超市,18k-30k,[福州·左海],经验3-5年 , 本科,批发,数据产品高级产品经理IT技术服务｜咨询批发｜零售,“有发展”
数据产品经理,宝尊电商,30k-50k,[成都·武侯区],经验5-10年 , 本科,营销服务,软件服务｜咨询电商平台,“上市公司”
数据产品经理,寰宇普惠,15k-19k,[厦门·思明区],经验3-5年 , 本科,IT技术服务,软件服务｜咨询科技金融数据建模产品规划TO B,“氛围佳 有发展 产品新”
鸿蒙开发工程师,凤凰网,12k-24k,[北京·望京],经验3-5年 , 本科,"内容资讯,内容社区 ",计算机/软件工程相关专业IT工程师鸿蒙系统,“客户端”
鸿蒙开发/双休,金证睿服,11k-18k,[佛山·乐从],经验3-5年 , 大专,软件服务,JAVAJavaScriptVueIT技术服务｜咨询Python,“双休 五险一金”
鸿蒙开发工程师,中电金信,11k-20k,[广州·五山],经验1-3年 , 本科,IT技术服务,科技金融iOSHarmonyOSAndroid,“六险一金”
鸿蒙开发工程师,京北方,18k-22k,[北京·万寿寺],经验3-5年 , 本科,IT技术服务,移动端HarmonyOS,“工作氛围轻松 岗位稳定”
鸿蒙开发工程师,中电金信,12k-20k,[北京·西二旗],经验1-3年 , 本科,IT技术服务,科技金融iOSHarmonyOSAndroid,“六险一金”
鸿蒙开发助理,安徽雅云晖智能科技有限公司,5k-6k,[合肥·庐阳区],经验不限 , 大专,网络通信 ,网络通信,"“五险一金,定期体检”"
鸿蒙车控SDK,上海煜麦网络科技有限公司,14k-17k,[上海·闵行区],经验5-10年 , 大专,网络通信 ,网络通信,"“五险一金,绩效奖金,弹性工作”"
南京鸿蒙车控SDK测试,上海煜麦网络科技有限公司,10k-12k,[南京·栖霞区],经验5-10年 , 大专,智能硬件 ,智能硬件,"“五险一金,绩效奖金,弹性工作”"
鸿蒙系统驱动开发工程师,盛博科技,20k-40k,[深圳·南山区],经验1-3年 , 本科,新媒体 ,JAVA音频｜视频媒体HarmonyOSAndroidKotlin,"“五险一金,绩效奖金,定期体检”"
安卓/鸿蒙开发工程师,听听FM,13k-20k,[北京·建国门],经验3-5年 , 本科,其他 ,智能硬件,“福利待遇、弹性工作”
高级鸿蒙开发工程师,欣威智能,20k-40k,[深圳·光明区],经验3-5年 , 本科,智能硬件 ,智能硬件,"“绩效奖金,周末双休,股票期权”"
鸿蒙底层开发工程师（深圳）,亮钻科技,10k-20k,[深圳·光明区],经验1-3年 , 本科,智能硬件 ,网络通信,"“五险一金,绩效奖金,弹性工作”"
鸿蒙底层开发工程师（广州）,亮钻科技,10k-20k,[广州·番禺区],经验1-3年 , 本科,网络通信 ,网络通信,"“五险一金,绩效奖金,弹性工作”"
鸿蒙驱动工程师 (MJ004231),上海移远通信技术股份有限公司,13k-26k,[合肥·蜀山区],经验3-5年 , 大专,网络通信 ,暂无,"“五险一金,定期体检,专业培训”"
上海鸿蒙车控sdk嵌入式开发工程师,上海煜麦网络科技有限公司,14k-17k,[上海·闵行区],经验5-10年 , 大专,网络通信 ,网络通信,"“五险一金,绩效奖金,弹性工作”"
鸿蒙底层开发工程师（上海）,亮钻科技,10k-20k,[上海·闵行区],经验1-3年 , 本科,智能硬件 ,智能硬件,"“五险一金,绩效奖金,弹性工作”"
鸿蒙开发工程师,海圳汽车,9k-16k,[深圳·宝安区],经验3-5年 , 本科,"新媒体,文化传媒 ",新媒体文化传媒,"“免费班车,员工旅游,专业培训”"
Java鸿蒙开发助理,河南甫得影视,6k-8k,[郑州·金水区],经验不限 , 不限,智能硬件 ,智能硬件,"“五险一金,绩效奖金,定期体检”"
鸿蒙工程师,森沛科技（深圳）有限公司,15k-20k,[深圳·宝安区],经验1-3年 , 本科,专业服务,营销服务｜咨询专业服务｜咨询,"“五险一金,做五休二,团队氛围好”"
鸿蒙应用开发工程师,珠海思创电气有限公司,8k-15k,[珠海·金湾区],经验1-3年 , 本科,"汽车交易平台,新能源汽车制造 ",新能源汽车制造汽车交易平台,"“五险一金,免费三餐,绩效奖金”"
鸿蒙APP开发,卓尔设计,15k-18k,[武汉·武昌区],经验3-5年 , 本科,专业服务,物流平台架构设计/优化服务业HarmonyOS,"“五险一金,绩效奖金,定期体检”"
高级Android（鸿蒙）开发工程师,深圳南天东华科技有限公司,15k-30k,[深圳·福田区],经验3-5年 , 本科,其他 ,网络通信,"“五险一金,定期体检,团队氛围好”"
汽车新媒体运营（鸿蒙智行用户中心锦江大道店）,四川恒为智行汽车销售服务有限公司,6k-10k,[成都·锦江区],经验1-3年 , 大专,网络通信 ,暂无,"“专业培训,餐饮补贴,节日福利”"
智能识别测试工程师 (MJ001275),百融云创,15k-30k,[北京·望京],经验不限 , 不限,"科技金融,人工智能服务 ",人工智能服务KYC科技金融人脸识别计算机/软件工程相关专业,“上市公司”
高级Java开发工程师（视觉识别与自动化仓储方向）,银翼医疗,22k-28k,[上海·普陀区],经验3-5年 , 本科,其他 ,内容社区电商平台,"“五险一金,绩效奖金,定期体检”"
视觉检测跟踪识别算法工程师,深圳市超准视觉科技有限公司,30k-60k,[深圳·宝安区],经验1-3年 , 硕士,"电商平台,内容社区 ",内容社区电商平台,"“定期体检,方案,员工聚餐”"
珠宝图像识别算法工程师,深圳市瑞麒珠宝首饰有限公司,15k-25k,[深圳·罗湖区],经验1-3年 , 本科,"电商平台,内容社区 ",医疗｜保健｜美容,“五险一金”
图像识别算法工程师,红迅软件,10k-20k,[广州·海珠区],经验3-5年 , 本科,医疗,C++计算机视觉遥感MATLAB深度学习经验,"“五险一金,绩效奖金,方案”"
雷达信号处理设计师（目标检测和识别方向）,森锐科技,20k-25k,[广州·黄埔区],经验3-5年 , 硕士,IT技术服务,人工智能服务OpenCV在线医疗,"“五险一金,绩效奖金,方案”"
雷达信号处理设计师（目标检测和识别方向）,森锐科技,20k-25k,[西安·长安区],经验3-5年 , 硕士,"医疗丨健康,硬件 ",人工智能服务性能测试功能测试,"“五险一金,绩效奖金,定期体检”"
新媒体数据识别分析工程师,浙江万晟药业有限公司,15k-20k,[杭州·余杭区],暂无,暂无,"数据服务,房产家居 ",软件服务｜咨询语音｜音频处理C++人工智能服务自然语言处理,“发展前景佳、团队实力强、老板nice”
动目标识别算法工程师,千辰空间,10k-20k,[武汉·珞珈山],经验1-3年 , 硕士,移动互联网 ,语音｜音频处理人工智能服务翻译工具类产品业务导向,“CV/深度学习研发，目标检测跟踪经验优先”
算法研发岗（OCR文档识别）(J47941),京东方BOE,35k-50k,[深圳·南山区],经验5-10年 , 硕士,"教育,文娱丨内容 ",科研,"“五险一金,免费班车,定期体检”"
Python开发工程师（OCR识别后处理方向）,颐邦科技,15k-25k,[北京·西三旗],经验1-3年 , 本科,"在线教育,专业服务",暂无,“清华团队”
语音识别算法工程师(J10838),云知声,25k-50k,[上海·虹梅路],经验3-5年 , 硕士,物联网 ,C++人工智能服务C语言语音唤醒,“AI行业独角兽”
语音识别算法工程师,睿云联,20k-30k,[厦门·思明区],经验5-10年 , 硕士,智能硬件 ,语音｜音频处理智能硬件,“股权激励”
ai钢琴声音识别算法工程师,趣乐科技（百万琴友家园）,18k-25k,[北京·北苑],经验3-5年 , 本科,"移动互联网,硬件 ",IT技术服务｜咨询,“具有竞争力薪资，一起打造全新的音乐IT生态圈”
语音识别算法实习生,标贝科技,4k-6k,[北京·西三旗],暂无,暂无,"人工智能服务,数据服务",人工智能服务数据服务｜咨询Python,“大牛带队”
数字图像智能识别算法研究专员(工作地点杭州),之江实验室,25k-40k,[成都·双楠],暂无,暂无,智能硬件 ,JAVA人工智能服务C语言智能硬件,“人工智能 国家事业 科学技术研究 大咖云集”
数字图像智能识别算法研究专员(工作地点杭州),之江实验室,25k-40k,[武汉·小东门],暂无,暂无,智能硬件 ,JAVA人工智能服务C语言智能硬件,“人工智能 国家事业 科学技术研究 大咖云集”
测试工程师-人脸识别/空间计算/SLAM（高薪+双休）,诚迈科技（南京）有限公司,15k-26k,[深圳·福田区],经验1-3年 , 大专,区块链 ,人工智能服务IT技术服务｜咨询无明显侧重图像｜视频处理深度学习经验,"“高薪,方案,双休”"
图像、人脸识别算法工程师,星汇,20k-35k,[深圳·科技园],经验3-5年 , 本科,"生活服务,智能硬件 ",C++PyTorch智能硬件OpenCVPython,“区块链行业项目”
图像识别算法工程师,捷顺科技股份,25k-35k,[深圳·龙华新区],经验5-10年 , 硕士,"社交媒体,MCN",JAVA能源｜矿产｜环保C++IT技术服务｜咨询TensorFlow,“上市公司；股权激励；年终奖金；免费班车”
图像识别算法负责人,武汉益铭鲸仁文化传媒有限公司,15k-30k,[重庆·九龙坡区],经验5-10年 , 硕士,软件服务,软件服务｜咨询语音｜音频处理人工智能服务C语言,“人工智能、大数据”
声纹识别工程师,网进科技,12k-24k,[成都·武侯区],经验3-5年 , 硕士,专业服务,语音｜音频处理人工智能服务,“五险一金、定期体检、年假、双休”
数字图像智能识别算法研究专员(工作地点杭州),之江实验室,25k-40k,[上海·黄浦区],暂无,暂无,智能硬件 ,JAVA人工智能服务C语言智能硬件,“人工智能 国家事业 科学技术研究 大咖云集”
数字图像智能识别算法研究专员,之江实验室,18k-25k,[杭州·余杭区],暂无,暂无,智能硬件 ,C++人工智能服务MATLAB,“人工智能 国家事业 科学技术研究 大咖云集”
语音识别,某知名互联网公司,50k-65k,[上海·浦东新区],经验3-5年 , 硕士,专业服务,语音｜音频处理人工智能服务物联网,“待遇好，公司有发展前景”
语音识别算法工程师,新大瀚人力资源管理,50k-80k,[北京·朝外],经验5-10年 , 本科,网络通信 ,C++语音｜音频处理人工智能服务C语言IT技术服务｜咨询,“有发展前景”
图像识别工程师(J10258),海格通信,15k-25k,[广州·黄埔区],经验不限 , 本科,IT技术服务,网络通信,"“免费班车,五险一金,绩效奖金”"
指纹识别算法工程师,雅斯妮,20k-40k,[西安·雁塔区],经验3-5年 , 硕士,软件开发 ,C++不限,“世界500强”
图像识别工程师,道辰科技,6k-12k,[佛山·禅城区],经验1-3年 , 本科,软件服务,算法机器学习图像处理深度学习Python,“年底分红”
图像识别工程师,网进科技,12k-24k,[成都·武侯区],经验3-5年 , 硕士,人工智能服务 ,软件服务｜咨询Shell人工智能服务MATLABPython,“五险一金、定期体检、年假、双休”
人脸识别算法工程师,格灵深瞳,25k-50k,[北京·西三旗],经验1-3年 , 硕士,"人工智能服务,教育",C++人工智能服务,“2个月年终奖，弹性办公，七险一金”
图像识别算法工程师,云动家体育科技,20k-40k,[惠州·惠城区],经验10年以上 , 硕士,智能硬件 ,语音｜音频处理智能硬件游戏图像｜视频处理Python,“弹性上班，工作氛围轻松自由”
人脸识别算法工程师,睿云联,20k-30k,[厦门·思明区],经验5-10年 , 本科,IT技术服务,智能硬件ncnn图像｜视频处理Python,“股权激励”
图像识别与数据算法工程师,信盾科技,8k-12k,[合肥·五里墩],经验1-3年 , 本科,专业服务,软件服务｜咨询C++IT技术服务｜咨询研究导向计算机相关专业,“双休，生日福利，五险一金，带薪年假，定期体检”
图像识别算法,聚本人力,45k-63k,[合肥·蜀山区],经验5-10年 , 硕士,"工具类产品,IT技术服务",JAVAC语言物联网图像｜视频处理,“股权激励”
图像算法工程师（人脸识别）,智领人力资源服务,25k-35k,[北京·朝阳门],经验3-5年 , 本科,"人工智能服务,区块链 ",人工智能服务图像｜视频处理,“国企单位，稳定性好，AI 技术自主研发”
智能化工程师（物联网平台）,香港科技大学（广州）,12k-24k,[广州·南沙区],经验3-5年 , 本科,教育 ,JAVA教育｜培训Shell运维开发经验IT技术服务｜咨询,“工作稳定，福利完善，22天带薪年假”
物联网系统平台架构师,浩迪,16k-32k,[佛山·南海区],经验5-10年 , 本科,贸易,贸易｜进出口,"“五险一金,餐饮补贴,带薪年假”"
嵌入式软件开发-电机驱动2轮车控制器 物联网IOT开发,PXID,12k-24k,[南京·鼓楼区],经验3-5年 , 本科,其他 ,金融业,"“法定节假日,办公高大上,全勤奖”"
工业物联网工程师,京仪股份有限公司,6k-8k,[滁州·天长市],经验3-5年 , 本科,金融业 ,网络通信,“方案”
物联网工程师,上海柏巨电子科技有限公司,8k-12k,[上海·嘉定区],经验不限 , 大专,其他 ,营销服务｜咨询专业服务｜咨询,"“五险一金,绩效奖金,做五休二”"
物联网工程师,上海柏巨电子科技有限公司,8k-12k,[重庆·九龙坡区],经验不限 , 大专,其他 ,制造业,"“五险一金,绩效奖金,做五休二”"
物联网工程师,珠海华发现代农业科技投资控股有限公司,15k-25k,[珠海·金湾区],经验3-5年 , 本科,其他 ,暂无,“方案”
高级/ 资深JAVA工程师（物联网）,百腾发（上海）通讯有限公司,20k-40k,[上海·浦东新区],经验5-10年 , 本科,网络通信 ,暂无,"“五险一金,专业培训,带薪年假”"
嵌入式软件/固件工程师（物联网）,百腾发（上海）通讯有限公司,25k-40k,[上海·浦东新区],经验5-10年 , 本科,专业服务,暂无,“五险一金”
高级/电子工程师（物联网/家用电器）,港芝集團,10k-20k,[东莞·塘厦镇],经验5-10年 , 本科,其他 ,暂无,"“五险一金,周末双休,专业培训”"
产测开发部经理（蜂窝物联网）,利尔达科技集团股份有限公司,20k-30k,[杭州·余杭区],经验5-10年 , 本科,制造业 ,暂无,"“上市公司,年度体检,免费健身”"
物联网工程师,上海柏巨电子科技有限公司,8k-12k,[南京·江宁区],经验不限 , 大专,其他 ,JAVAC语言JavaScriptAngularPython,"“五险一金,绩效奖金,做五休二”"
物联网工程师,上海柏巨电子科技有限公司,8k-12k,[长沙·岳麓区],经验不限 , 大专,物联网 ,制造业,"“五险一金,绩效奖金,做五休二”"
电力行业/工业物联网产品经理(有研发背景）,亚信科技PRD,20k-30k,[北京·海淀区],经验5-10年 , 本科,制造业 ,制造业,"“方案,培训”"
物联网开发工程师,中科恒辉,10k-18k,[深圳·人民南],经验1-3年 , 本科,制造业 ,房地产｜建筑｜物业,“细分领域物联网平台，全国布局”
物联网实施工程师,剑愚机电,10k-15k,[西安·碑林区],经验不限 , 本科,房地产,房地产｜建筑｜物业,"“绩效奖金,做五休二,方案”"
物联网实施工程师,剑愚机电,10k-15k,[南京·浦口区],经验不限 , 本科,房地产,房地产｜建筑｜物业,"“绩效奖金,做五休二,方案”"
物联网技术员,诺盾,3k-6k,[昆明·五华区],经验1-3年 , 大专,房地产,新能源汽车制造汽车交易平台,"“定期体检,周末双休,餐饮补贴”"
物联网技术员,诺盾,5k-8k,[昆明·五华区],经验1-3年 , 大专,"汽车交易平台,新能源汽车制造 ",新能源汽车制造,"“绩效奖金,免费工作餐,专业培训”"
物联网技术员,广州市江达潜水疏浚工程有限公司,4k-7k,[广州·增城区],经验1-3年 , 大专,新能源汽车制造 ,暂无,“方案”
物联网工程师,上海柏巨电子科技有限公司,8k-12k,[杭州·滨江区],经验不限 , 大专,制造业 ,制造业,"“五险一金,绩效奖金,做五休二”"
物联网工程师,上海柏巨电子科技有限公司,8k-12k,[武汉·洪山区],经验不限 , 大专,制造业 ,制造业,"“五险一金,绩效奖金,做五休二”"
物联网实施工程师,剑愚机电,10k-15k,[杭州·拱墅区],经验不限 , 本科,房地产,房地产｜建筑｜物业,"“绩效奖金,做五休二,方案”"
物联网实施工程师,剑愚机电,10k-15k,[武汉·江夏区],经验不限 , 本科,房地产,房地产｜建筑｜物业,"“绩效奖金,做五休二,方案”"
物联网技术经理,诺盾,10k-15k,[昆明·五华区],经验5-10年 , 本科,其他 ,新零售,"“绩效奖金,方案,免费工作餐”"
物联网开发工程师,诺盾,8k-15k,[昆明·五华区],经验5-10年 , 本科,软件开发 ,消费生活,"“绩效奖金,免费工作餐,专业培训”"
技术支持工程师（物联网）,力合微电子,8k-13k,[深圳·南山区],经验1-3年 , 大专,新零售 ,房地产｜建筑｜物业,"“五险一金,绩效奖金,定期体检”"
物联网项目助理（双休）,四川盛麒达讯科技有限公司,6k-8k,[成都·武侯区],经验不限 , 大专,消费生活 ,暂无,“发展前景佳、团队实力强、老板nice”
物联网硬件方案经理,武汉邻盛智能设备有限公司,6k-10k,[武汉·汉阳区],经验3-5年 , 大专,房地产,暂无,"“五险一金,绩效奖金,员工旅游”"
金融区块链高级开发工程师,富途,20k-40k,[深圳·南山区],经验3-5年 , 本科,科技金融 ,Golang区块链开发经验SolidityMySQL,“牛人多、业务前景好、福利待遇佳、上市公司”
区块链需求分析师,中招互连科技公司,15k-25k,[北京·海淀区],经验3-5年 , 本科,"区块链,软件开发 ",软件服务｜咨询TO B,“公司国企背景，未来准备上市，团队氛围好”
区块链智能合约开发工程师,北京必来屋网络科技有限公司,30k-50k,[香港·湾仔区],经验3-5年 , 本科,金融业 ,机器学习算法/工程化经验计算机相关专业无明显侧重,“远程办公”
区块链测试工程师（远程）,创元聚星,20k-40k,[深圳·科技园],经验3-5年 , 本科,IT技术服务,JAVA性能测试科技金融功能测试测试开发,“远程工作”
区块链网络安全工程师（远程岗位）,MATRIX TECH PTE.LTD.,20k-40k,[北京·西三旗],经验3-5年 , 本科,科技金融 ,安全运维和保障科技金融,“团队稳定 业务稳定 薪酬福利完善”
区块链产品经理（远程）,北京必来屋网络科技有限公司,20k-40k,[深圳·科技园],经验3-5年 , 本科,金融业 ,资深产品经理高级产品经理TO C,“远程”
产品经理（区块链）,卢卡狮企业经营管理,10k-15k,[成都·紫荆],经验3-5年 , 本科,IT技术服务,科技金融功能测试web3Python,“周末双休、免费停车、五险一金”
区块链交易测试工程师（remote）,MATRIX TECH PTE.LTD.,20k-40k,[北京·回龙观],经验3-5年 , 本科,科技金融 ,团队管理经验科技金融GO互联网技术管理经验,“核心业务 团队稳定 远程办公”
区块链业务-研发Leader,富途,40k-80k,[深圳·南山区],经验10年以上 , 本科,科技金融 ,JAVA社交媒体信息安全,“腾讯系，福利好，培养全，学金融，导师制，牛人多”
区块链开发工程师,中国纬图,15k-30k,[成都·高新区],经验3-5年 , 大专,通讯电子 ,计算机相关专业,“六险一金、年终奖、带薪年假、节日福利”
区块链智能合约开发工程师,斯科赛斯德,25k-40k,[北京·常营],经验3-5年 , 本科,区块链 ,架构经验后端开发经验团队管理经验科技金融GO,“扁平化管理”
DEX 区块链工程师,云梦量化,20k-35k,[深圳·新洲],经验1-3年 , 本科,IT技术服务,金融业Python,“优秀的链上技术团队”
用户增长负责人（海外区块链游戏）,凌动,50k-100k,[上海·周家桥],经验10年以上 , 本科,IT技术服务,暂无,“提成与分红”
用户增长负责人（海外区块链游戏）,凌动,50k-100k,[深圳·福田区],经验5-10年 , 本科,IT技术服务,暂无,“提成与分红”
区块链智能合约开发工程师,四沃投资,15k-25k,[厦门·思明区],经验1-3年 , 本科,金融 ,暂无,“年终奖”
区块链产品经理,北京必来屋网络科技有限公司,30k-45k,[北京·海淀区],经验3-5年 , 本科,金融业 ,商业｜交易产品海外用户基础业务产品增长产品TO C,“远程居家办公”
区块链智能合约开发工程师,辰麒科技,13k-17k,[武汉·洪山区],经验3-5年 , 大专,IT技术服务,JAVA科技金融assemblypenzeppelin业务导向,“自研产品、蓝海增量业务、成熟产品、完整团队”
区块链网络推广,良一书园,5k-8k,[合肥·蜀山区],经验不限 , 本科,社交平台 ,软件服务｜咨询,“发展空间高”
区块链智能合约开发工程师,找你文化产业,6k-12k,[重庆·渝中区],经验3-5年 , 本科,"工具类产品,软件服务",全栈侧重后端全栈无侧重电商平台,“前景广阔 大咖带队”
区块链开发工程师,中慧云启,10k-15k,[成都·武侯区],经验不限 , 本科,"信息安全,信息检索 ",软件服务｜咨询教育｜培训以太坊GOPython,“入职五险一金、生日福利、公司体检、意外险”
区块链高级开发工程师（区块链操作系统方向）,树轮科技,30k-45k,[深圳·福田区],经验5-10年 , 本科,区块链 ,Linux操作系统Linux内核裁剪C语言分布式系统开发经验后端工程师,“年终奖金，定期体检，年底双薪，扁平管理”
运营专员（区块链）,成都数创物联科技有限公司,5k-10k,[成都·双流区],经验1-3年 , 本科,医疗丨健康 ,C++C语言,"“五险一金,定期体检,交通补贴”"
金融销售顾问（区块链方向）,23life,15k-30k,[北京·百子湾],经验1-3年 , 大专,IT技术服务,JAVA信息安全｜反作弊信息安全数据挖掘Python,“大佬带 提成高 项目有前景”
Java区块链开发工程师,恒晟佳,20k-40k,[深圳·西乡],经验1-3年 , 本科,"区块链,信息安全,数据服务",JAVA,“发展前景好”
区块链数据分析师,云御智控,10k-20k,[长沙·岳麓区],经验3-5年 , 本科,IT技术服务,科技金融计算机相关专业,“白帽子”
云计算/区块链研发工程师,凯晟通,15k-30k,[北京·北下关],暂无,暂无,区块链 ,ShellGOPrometheusGrafana运维经验,“优秀的团队，轻松的工作氛围”
区块链Java开发工程师,阿特拓客,20k-30k,[上海·黄浦区],经验3-5年 , 本科,"文化传媒,社交平台,软件服务",商业｜交易产品软件服务｜咨询海外用户TO C策略产品,“薪资待遇”
区块链开发工程师,旺航文化传播,20k-40k,[苏州·元和],经验3-5年 , 本科,其他 ,暂无,“发展空间大，福利好”
区块链运维工程师,比托邦,8k-10k,[成都·天府新区],经验1-3年 , 本科,IT技术服务,暂无,“区块链行业”
区块链bd【远程】,五指传媒,20k-40k,[北京·望京],经验3-5年 , 本科,社交平台 ,海外BD,“远程办公 双休8小时 区块链”
web3区块链内容运营,悦知未来,13k-18k,[北京·中关村],经验不限 , 本科,区块链 ,用户运营社群运营信息安全活动运营产品运营,“节假日放假、周末双休、期权、新加坡EP等”
区块链商务bd,夏乐科技,35k-50k,[上海·徐家汇],经验3-5年 , 本科,"人工智能服务,区块链 ",区块链行业资源有美签,“居家办公”
区块链工程师,后浪科技,15k-20k,[海口·龙华区],经验1-3年 , 本科,"区块链,人工智能 ",Golang软件服务｜咨询JavaC++PHP,“做真区块链和真做无币区块链的应用和产品。”
区块链开发工程师,壁虎科技,20k-40k,[广州·番禺区],经验3-5年 , 本科,"金融,企业服务 ",软件服务｜咨询,“发展前景好”
区块链游戏海外运营,西安西西弗斯网络科技有限公司,15k-25k,[西安·张家堡],经验3-5年 , 本科,IT技术服务,用户运营内容运营社群运营产品运营,“发展潜力大”
区块链社群运营,前沿科技,8k-16k,[深圳·龙华区],经验1-3年 , 不限,区块链 ,全栈无侧重,“下午茶”
区块链智能合约开发工程师,千氪财经,10k-20k,[成都·高新区],经验3-5年 , 本科,"移动互联网,数据服务 ",营销管理内容资讯海外市场,“初创团队，有发展前景”
区块链英文市场总监/经理,亦可科技,12k-24k,[北京·朝阳区],经验1-3年 , 本科,专业服务,Golang大数据开发经验GO计算机相关专业Python,“发展前景 灵活时间 远程办公”
高级后端开发工程师-区块链,SHANNON DATA LIMITED,25k-50k,[武汉·东湖新技术开发区],经验3-5年 , 本科,"网络通信,区块链 ",GolangShellNode.jsPython,“前沿技术，行业领先，待遇丰厚”
区块链开发工程师--智能合约方向,SHANNON DATA LIMITED,25k-50k,[武汉·东湖新技术开发区],经验3-5年 , 本科,"网络通信,区块链 ",带薪年假弹性工作五险一金岗位晋升,“产业前沿”
商务经理区块链,外播叁,12k-24k,[北京·望京],经验1-3年 , 本科,区块链 ,暂无,“五险一金”
区块链研究员 Blockchain Researcher,曲线之保,15k-30k,[深圳·南山区],经验1-3年 , 硕士,IT技术服务,暂无,“外企氛围”
区块链专员,白哲科技,7k-10k,[杭州·西兴],经验1-3年 , 大专,"工具类产品,软件服务",暂无,“周末双休、五险一金”
区块链客服,白哲科技,7k-10k,[杭州·西兴],经验1-3年 , 大专,"工具类产品,软件服务",暂无,“周末双休、五险一金”
java开发工程师,深圳全球立达供应链管理有限公司,8k-12k,[深圳·龙岗区],经验3-5年 , 大专,贸易,贸易｜进出口,"“五险一金,绩效奖金,方案”"
JAVA,京北方,10k-12k,[北京·西二旗],经验1-3年 , 本科,IT技术服务,软件服务｜咨询科技金融后端工程师Spring计算机/软件工程相关专业,“银行项目，长期稳定”
java开发工程师,汇合,13k-20k,[深圳·南山区],经验3-5年 , 本科,科技金融 ,软件服务｜咨询金融业后端工程师计算机/软件工程相关专业,“六险一金 年终奖 加班费 过节费”
高级java开发工程师,建信金科,30k-60k,[深圳·上沙],经验5-10年 , 本科,科技金融 ,科技金融Spring,“最高比例五险一金、国企、薪酬有竞争力”
java开发工程师,百乐元,15k-30k,[大连·甘井子区],经验5-10年 , 本科,软件服务,软件服务｜咨询IT技术服务｜咨询,“高精尖人才”
java开发工程师,京北方,12k-15k,[深圳·南山区],经验3-5年 , 本科,IT技术服务,IT技术服务｜咨询,“双休 五险一金 餐补 绩效奖”
java开发工程师,广州南天,10k-13k,[佛山·桂城],经验3-5年 , 本科,IT技术服务,全栈工程师科技金融,“五险一金 周末双休 节日礼品 年度体检”
java开发工程师,深圳企域数字科技有限...,15k-25k,[深圳·南山区],经验5-10年 , 本科,营销服务,软件服务｜咨询JavaScript后端工程师SpringWeb后端开发,“五险一金、午餐补贴、团队扁平、弹性上班”
Java开发工程师(A99836),雪球科技,16k-30k,[上海·临沂路],经验3-5年 , 本科,软件服务,软件服务｜咨询springcloud信息安全Redis后端工程师,“五险一金，补充商业险，绩效年终奖，年度体检”
java开发工程师,容联云通讯,15k-25k,[佛山·桂城],经验3-5年 , 本科,IT技术服务,人工智能服务,“五险一金，调休”
java,沃丰科技（Udesk）AI智能客户服务平台,13k-26k,[武汉·紫阳],经验5-10年 , 本科,人工智能服务 ,C++人工智能服务数据服务｜咨询,“扁平化管理，五险一金”
JAVA开发工程师,屈臣氏科技创新中心,15k-24k,[深圳·翠竹],经验5-10年 , 本科,"电商平台,IT技术服务",软件服务｜咨询分布式系统开发经验MySQL新零售Spring,“良好的福利，充足的假期，轻松的办公环境”
Java开发工程师,51WORLD,25k-40k,[上海·徐汇区],经验3-5年 , 本科,软件服务,软件服务｜咨询人工智能服务,“行业前景好，团队技术氛围好，发展空间大”
java开发工程师,沃丰科技（Udesk）AI智能客户服务平台,11k-22k,[武汉·武昌区],经验3-5年 , 本科,人工智能服务 ,软件服务｜咨询人工智能服务分布式系统开发经验MySQL机器学习算法/工程化经验,“扁平化管理”
java开发工程师,汇合,10k-15k,[杭州·江南],经验3-5年 , 本科,科技金融 ,金融,“技术大牛团队 项目稳定”
java开发工程师,京北方,12k-15k,[深圳·南山区],经验3-5年 , 本科,IT技术服务,IT技术服务｜咨询,“双休 五险一金 餐补 绩效奖”
java开发工程师,京北方,12k-20k,[深圳·华强北],经验3-5年 , 本科,IT技术服务,Web前端开发金融业SpringORACLE,“环境好，领导nice”
java开发工程师,中电金信,18k-20k,[广州·东圃],经验5-10年 , 本科,IT技术服务,科技金融后端工程师,“大平台、大型系统”
高级java开发工程师,百融云创,25k-40k,[北京·望京],经验3-5年 , 本科,"科技金融,人工智能服务 ",账务系统科技金融后端工程师,“发展前景好”
JAVA工程师,速强信息,8k-9k,[上海·花木],经验1-3年 , 大专,移动互联网 ,JavaScript金融业ORACLE,“工作环境轻松”
java开发工程师,容联云通讯,15k-25k,[佛山·桂城],经验3-5年 , 本科,IT技术服务,人工智能服务,“五险一金，调休”
java开发工程师,汇合,14k-28k,[深圳·西丽],经验3-5年 , 本科,科技金融 ,科技金融IT技术服务｜咨询后端工程师Web后端开发计算机/软件工程相关专业,“工作日/周末/节假日如加班均有加班费。”
java开发工程师,中电金信,16k-25k,[深圳·西丽],经验3-5年 , 本科,IT技术服务,全栈工程师springcloud大数据处理经验金融业IT技术服务｜咨询,“六险一金+项目稳定+周末双休+加班费高”
java开发工程师,数字马力,12k-20k,[长沙·岳麓区],经验1-3年 , 本科,"工具类产品,软件服务",电商平台,“五险一金，周末双休，大平台”
高级Java开发工程师,搜狐集团,25k-35k,[北京·海淀区],经验3-5年 , 不限,"内容资讯,游戏,音频",移动互联网后端平台,"“工作氛围好,精英团队,核心业务”"
java开发工程师,威而信实业,10k-16k,[成都·武侯区],经验3-5年 , 本科,网络通信 ,中间件MyBatis应急指挥分布式ORACLE,“晋升空间 出差 氛围好 弹性上班 不打卡”
Java开发工程师,威而信实业,15k-20k,[成都·高新区],经验5-10年 , 本科,网络通信 ,软件服务｜咨询MyBatisORACLE网络通信,“待遇好”
java开发工程师,广州南天,9k-12k,[广州·棠景],经验3-5年 , 大专,IT技术服务,软件服务｜咨询中大型项目架构经验SQL Server后端工程师Spring,“双休，午休2小时，工作环境舒适，工作氛围好”
高级java开发工程师,中招互连科技公司,20k-33k,[北京·三里河],经验5-10年 , 本科,"区块链,软件开发 ",软件服务｜咨询区块链,“公司国企背景，未来准备上市，大牛带队”
高级java开发工程师,领星,30k-50k,[深圳·西丽],经验3-5年 , 本科,软件服务,软件服务｜咨询电商平台,“弹性打卡、五天七小时、期权、扁平化”
JAVA,京北方,10k-12k,[北京·西二旗],经验1-3年 , 本科,IT技术服务,软件服务｜咨询科技金融后端工程师Spring计算机/软件工程相关专业,“银行项目，长期稳定”
java开发工程师,京北方,12k-15k,[深圳·南山区],经验3-5年 , 本科,IT技术服务,IT技术服务｜咨询,“双休 五险一金 餐补 绩效奖”
高级java开发工程师,中电金信,16k-17k,[北京·朝阳区],经验3-5年 , 本科,IT技术服务,jvm分布式系统开发经验中大型项目架构经验旅游｜出行后端工程师,“周末双休”
java开发工程师,龙腾出行,11k-18k,[广州·越秀区],经验1-3年 , 本科,"生活服务,旅游",生活服务JavaScriptMySQL旅游｜出行Spring,“大牛团队，发展潜力大，提供成长通道&amp;空间”
高级java开发工程师,金蝶,25k-35k,[深圳·科技园],经验5-10年 , 本科,软件服务,软件服务｜咨询,“SaaS”
java开发工程师,汇合,9k-13k,[深圳·平湖],经验1-3年 , 本科,科技金融 ,软件服务｜咨询人工智能服务SpringORACLE,“六险一金 过节费 餐补 交通补 住房补”
java开发工程师,融汇,18k-30k,[深圳·福田区],经验3-5年 , 本科,IT技术服务,软件服务｜咨询Hibernate人工智能服务MySQLMyBatis,“六险一金、绩效奖金、年底奖金、周末双休”
java开发工程师,金证睿服,11k-20k,[上海·张江],经验1-3年 , 本科,软件服务,网络通信,“带薪休假”
java开发工程师,融捷教育,8k-15k,[北京·中关村],经验1-3年 , 本科,人工智能服务 ,教育｜培训HibernateMySQL后端工程师,“周末双休 五险一金”
java开发工程师,中招互连科技公司,13k-24k,[北京·海淀区],经验3-5年 , 本科,"区块链,软件开发 ",软件服务｜咨询区块链,“公司国企背景，未来准备上市，大牛带队”
高级java开发工程师,众阳软件,10k-12k,[济南·历下区],经验3-5年 , 本科,医疗丨健康 ,springcloud医疗｜保健｜美容分布式系统开发经验MyBatis后端工程师,“人才晋升培养、节假日福利、生日福利”
java开发工程师,北京指南针,15k-30k,[北京·北七家],经验1-3年 , 本科,科技金融 ,科技金融Web后端开发,“发展空间大，国内外旅游，带薪年假，发展前景好”
java开发工程师,零与壹软件,8k-15k,[深圳·大冲],经验不限 , 本科,工具类产品 ,软件服务｜咨询后端工程师,“周末双休、年终奖”
java开发工程师,北京泰斯听科技有限公...,15k-20k,[拉萨·城关区],经验不限 , 本科,"电商平台,汽车交易平台 ",电商平台,“提升空间大”
java开发工程师,中电金信,16k-21k,[成都·武侯区],经验5-10年 , 本科,IT技术服务,软件服务｜咨询springcloudElasticSearch大数据处理经验IT技术服务｜咨询,“稳定”
腾讯音乐公关传播经理（IP 策划与商业运营）,腾讯音乐娱乐集团,25k-50k,[北京·朝阳门],经验10年以上 , 不限,"工具类产品,内容社区,音频",股票期权绩效奖金带薪年假定期体检,“大平台”
游戏系统策划,CMGE中手游,20k-30k,[北京·酒仙桥],经验5-10年 , 大专,游戏 ,节日礼物技能培训绩效奖金岗位晋升,“发展前景”
游戏数值策划,CMGE中手游,20k-30k,[北京·酒仙桥],经验5-10年 , 不限,游戏 ,系统策划,“发展前景”
产品策划 (MJ000811),边锋,18k-35k,[杭州·西湖区],经验5-10年 , 本科,游戏 ,游戏系统策划,“公司福利完成，发展空间大。”
营销策划经理（深圳）(MJ000533),新浪网,10k-15k,[深圳·新洲],经验1-3年 , 本科,"内容资讯,社交媒体 ",消费生活科技金融TO B,“六险一金，带薪年假”
游戏策划,博乐科技,12k-20k,[北京·来广营],经验不限 , 本科,游戏 ,节日礼物年底双薪绩效奖金岗位晋升,“六险一金，餐补，房补，项目奖金”
高级数值策划 J10492,卓越工坊（北京）科技有限公司,18k-30k,[苏州·湖东],经验5-10年 , 大专,游戏 ,游戏,“五险一金 年终奖金 带薪年假 体检 发展空间”
抖音社交游戏策划,字节跳动,30k-60k,[深圳·南山区],经验3-5年 , 本科,"内容资讯,短视频 ",移动互联网,"“下午茶,健身瑜伽,六险一金,股票期权”"
微博营销策划(个案策划),微博,15k-25k,[北京·西北旺],经验3-5年 , 本科,社交媒体 ,社交媒体,“晋升机制”
新媒体、社交媒体账号运营/后期/文案策划,Seed,10k-15k,[深圳·坂田],经验1-3年 , 本科,人工智能服务 ,内容运营人工智能服务微信运营智能硬件IP运营,“福利待遇好”
营销策划高级专员（华南）,搜狐集团,12k-18k,[广州·珠江新城],经验3-5年 , 本科,"内容资讯,游戏,音频",文案策划社交媒体TO B,“五险一金”
主题策划,Jackpot 杰克帕特,8k-16k,[北京·立水桥],经验不限 , 不限,游戏 ,数值策划三消游戏,“发展空间大 弹性工作 工作氛围好 大牛多”
高级游戏关卡策划（休闲三消）,竞技世界,25k-35k,[北京·回龙观],经验5-10年 , 本科,游戏 ,股票期权绩效奖金带薪年假定期体检,“上升空间大 团队氛围好”
QQ音乐长音频产品策划（商业化方向）,腾讯音乐娱乐集团,25k-50k,[深圳·南山区],经验10年以上 , 本科,"工具类产品,内容社区,音频",社交媒体文化传媒,“大平台”
营销策划 (MJ002699),凤凰网,12k-24k,[北京·望京],经验3-5年 , 本科,"内容资讯,内容社区 ",暂无,“团队实力高，福利待遇好”
线下活动策划经理,微博,15k-25k,[北京·上地],经验3-5年 , 本科,社交媒体 ,社交媒体TO C,“晋升机制”
商业广告产品策划,腾讯音乐娱乐集团,25k-50k,[深圳·南山区],经验5-10年 , 不限,"工具类产品,内容社区,音频",股票期权绩效奖金带薪年假定期体检,“大平台”
视频策划 (MJ006098),新浪网,10k-15k,[北京·北京大学],经验1-3年 , 本科,"内容资讯,社交媒体 ",科技金融,“六险一金，带薪年假，往返班车”
营销策划经理（深圳）(MJ000533),新浪网,10k-15k,[深圳·新洲],经验1-3年 , 本科,"内容资讯,社交媒体 ",消费生活科技金融TO B,“六险一金，带薪年假”
高级产品策划,边锋,25k-50k,[北京·海淀区],经验3-5年 , 本科,游戏 ,增长产品游戏捕鱼,“团队发展好”
游戏资源策划,Zenjoy,12k-17k,[北京·朝阳门],经验1-3年 , 本科,游戏 ,休闲游戏策划游戏策划,“六险一金，出国旅行，年底双薪”
抖音社交游戏策划,字节跳动,30k-60k,[深圳·南山区],经验3-5年 , 本科,"内容资讯,短视频 ",移动互联网,"“下午茶,健身瑜伽,六险一金,股票期权”"
酷狗音乐市场策划经理（内容运营）,酷狗音乐,25k-50k,[广州·东圃],经验5-10年 , 本科,音频,技能培训节日礼物年底双薪带薪年假,“大平台”
营销策划高级专员（华南）,搜狐集团,12k-18k,[广州·珠江新城],经验3-5年 , 本科,"内容资讯,游戏,音频",文案策划社交媒体TO B,“五险一金”
游戏策划（海外休闲方向）,iHandy,18k-35k,[北京·五道口],经验3-5年 , 本科,游戏 ,关卡策划系统策划,“周末双休 六险一金 三个月奖金”
QQ音乐长音频产品策划（商业化方向）,腾讯音乐娱乐集团,25k-50k,[深圳·南山区],经验10年以上 , 本科,"工具类产品,内容社区,音频",股票期权绩效奖金带薪年假定期体检,“大平台”
游戏系统策划,乐元素游戏,18k-30k,[北京·海淀区],经验3-5年 , 本科,游戏 ,技能培训领导好节日礼物,“准上线项目 奖金丰厚”
资深系统策划,Zenjoy,20k-35k,[北京·朝阳门],经验5-10年 , 本科,游戏 ,游戏游戏策划,“六险一金，出国旅行，一日三餐，年底双薪”
关卡策划 J10493,卓越工坊（北京）科技有限公司,20k-40k,[苏州·虎丘区],经验5-10年 , 大专,游戏 ,游戏,“五险一金 年终奖金 带薪年假 体检 发展空间”
海外游戏制作人/主策划（北京）,塔思科技,25k-50k,[北京·望京],经验5-10年 , 本科,"游戏,软件服务",数值策划关卡策划剧情策划系统策划,“年度体检/团建 公司旅游 年底双薪”
腾讯音乐公关传播经理（IP 策划与商业运营）,腾讯音乐娱乐集团,25k-50k,[北京·朝阳门],经验10年以上 , 不限,"工具类产品,内容社区,音频",股票期权绩效奖金带薪年假定期体检,“大平台”
游戏系统策划,CMGE中手游,20k-30k,[北京·酒仙桥],经验5-10年 , 大专,游戏 ,节日礼物技能培训绩效奖金岗位晋升,“发展前景”
游戏数值策划,CMGE中手游,20k-30k,[北京·酒仙桥],经验5-10年 , 不限,游戏 ,系统策划,“发展前景”
游戏系统策划,边锋,20k-40k,[杭州·翠苑],经验3-5年 , 本科,游戏 ,交通补助绩效奖金节日礼物定期体检,“全额五险一金；周末双休”
游戏数值策划,Zenjoy,15k-20k,[北京·朝阳门],经验3-5年 , 本科,游戏 ,游戏策划,“六险一金，出国旅行，一日三餐，年底双薪”
关卡策划（消除类游戏方向）,Zenjoy,10k-20k,[北京·朝阳门],经验1-3年 , 本科,游戏 ,游戏策划,“六险一金，出国旅行，一日三餐，年底双薪”
游戏数值策划,小野人,13k-18k,[深圳·西丽],经验3-5年 , 大专,游戏 ,rpgMMO,“告别加班！ 告别内卷！ 告别996！”
高级数值策划 J10492,卓越工坊（北京）科技有限公司,18k-30k,[苏州·湖东],经验5-10年 , 大专,游戏 ,游戏,“五险一金 年终奖金 带薪年假 体检 发展空间”
短视频运营策划 (MJ008881),搜狐集团,8k-16k,[北京·海淀区],经验不限 , 本科,"内容资讯,游戏,音频",音频｜视频媒体新媒体新媒体运营,“五险一金，团队优秀，节日礼物，带薪休假”
游戏策划,Castbox,12k-20k,[北京·望京],经验1-3年 , 本科,音频,数值策划数据分析关卡策划海外休闲游戏逻辑能力,“扁平管理 出海游戏 不卷”
营销策划（华东） (MJ005790),微博,15k-22k,[上海·城隍庙],经验5-10年 , 本科,社交媒体 ,内容运营中国市场社交媒体TO B,“大平台”
主题策划,Jackpot 杰克帕特,8k-16k,[北京·立水桥],经验不限 , 不限,游戏 ,系统策划,“发展空间大 弹性工作 工作氛围好 大牛多”
活动策划,Jackpot 杰克帕特,8k-15k,[北京·立水桥],经验不限 , 本科,游戏 ,教育｜培训社交媒体,“发展空间大 弹性工作 工作氛围好 大牛多”
活动组织策划实施,三优贝贝,6k-8k,[北京·朝阳区],经验1-3年 , 大专,"教育,消费生活 ",游戏,“五险一金 工作环境好 股权激励”
资深战斗策划 J10510,卓越工坊（北京）科技有限公司,25k-40k,[苏州·湖东],经验10年以上 , 大专,游戏 ,暂无,“知名IP，开放世界SOC RPG手游，UE5引擎”
大数据开发工程师,京北方,13k-18k,[广州·东圃],经验3-5年 , 本科,IT技术服务,JAVA金融业,“项目长期稳定”
数据开发工程师,华泰保险,15k-25k,[北京·金融街],经验3-5年 , 本科,科技金融 ,科技金融,“行业前景好，工作氛围和谐”
大数据开发工程师,数字马力,12k-18k,[郑州·管城回族区],经验3-5年 , 本科,"工具类产品,软件服务",软件服务｜咨询数仓建设经验C++IT技术服务｜咨询计算机相关专业,“周末双休、入职配备mac pro，人体工学座椅”
大数据开发工程师,中电金信,15k-22k,[北京·西北旺],经验5-10年 , 本科,IT技术服务,JAVAflinkhive银行金融,“六险一金 核心系统项目”
大数据开发工程师,广州南天,12k-20k,[广州·天河北],经验3-5年 , 本科,IT技术服务,软件服务｜咨询金融业,“上市国企，工作稳定，福利齐全”
大数据开发工程师,AfterShip,20k-35k,[深圳·南山区],经验3-5年 , 本科,软件服务,JAVA软件服务｜咨询大数据开发经验Scala计算机相关专业,“行业赛道 海外电商 团队氛围”
大数据开发工程师,信也科技,20k-35k,[上海·张江],经验3-5年 , 本科,"科技金融,人工智能服务 ",JAVA科技金融Python,“发展空间大”
大数据开发工程师,关爱通,20k-30k,[上海·徐汇区],经验3-5年 , 本科,软件服务,数仓建设经验大数据开发经验ETL开发经验IT技术服务｜咨询电商平台,“央企平台 午餐补贴 绩效奖金 培训学习”
大数据开发工程师,河南端琪实业发展有限公司,6k-8k,[郑州·管城回族区],经验不限 , 不限,新零售 ,新零售,"“全勤奖,朝九晚六,月奖”"
高级/资深大数据开发工程师（运营中心）,SHEIN,30k-45k,[深圳·西丽],经验3-5年 , 本科,电商平台 ,JAVAShell计算机相关专业电商平台数据服务｜咨询,“知名独角兽 薪资具有竞争力 行业领先”
ai大数据开发主任,中国一汽,40k-60k,[南京·双龙大道],经验10年以上 , 本科,制造业 ,人工智能服务大数据开发经验,“发展前景好，晋升空间大”
大数据后台开发工程师,大宇无限,25k-50k,[深圳·南山区],经验3-5年 , 本科,"内容资讯,内容社区,社交媒体 ",JAVA人工智能服务音频｜视频媒体GOPython,“全球视野，多元文化，12% 公积金，免费三餐”
大数据平台运维开发,信也科技,19k-28k,[上海·张江],经验3-5年 , 本科,"科技金融,人工智能服务 ",JAVA数仓建设经验大数据开发经验Scala科技金融,“六险一金，周末双休，团队氛围好”
资深高级大数据开发工程师（上海） (MJ009673),SHEIN,45k-65k,[上海·城隍庙],经验5-10年 , 本科,电商平台 ,JAVA数仓建设经验大数据开发经验电商平台,“电商独角兽”
大数据开发岗,京北方,18k-25k,[上海·虹口区],经验10年以上 , 本科,IT技术服务,大数据开发经验IT技术服务｜咨询,“项目稳定”
资深大数据开发工程师（深圳） (MJ008841),SHEIN,30k-45k,[深圳·西丽],经验5-10年 , 本科,电商平台 ,电商平台,“电商独角兽”
大数据平台开发工程师-智能工厂,浙江省北大信研院,18k-30k,[杭州·宁围],经验1-3年 , 硕士,人工智能服务 ,JAVA云原生人工智能服务KafkaFlume,“弹性工作 周末双休 有薪病假”
大数据开发组长,京北方,18k-23k,[上海·江湾],经验5-10年 , 本科,IT技术服务,ShellHive大数据开发经验金融业Python,“长期稳定”
测试开发工程师-飞书企业应用-大数据方向,字节跳动,30k-50k,[北京·海淀区],经验3-5年 , 本科,"内容资讯,短视频 ",弹性工作就近租房补贴年度体检补充商保,"“下午茶,健身瑜伽,六险一金,股票期权”"
资深后台开发工程师（营销工程）-JAVA大数据应用-深圳,SHEIN,30k-50k,[深圳·西丽],经验3-5年 , 本科,电商平台 ,Hive大数据开发经验HadoopSpark电商平台,“行业前景广 发展空间大 弹性工时 氛围年轻”
大数据测试开发工程师,字节跳动,25k-50k,[上海·徐汇区],经验不限 , 本科,"内容资讯,短视频 ",弹性工作就近租房补贴年度体检补充商保,"“下午茶,健身瑜伽,六险一金,股票期权”"
大数据前端开发工程师（AI）,AfterShip,20k-35k,[深圳·南山区],经验3-5年 , 本科,软件服务,软件服务｜咨询JavaScriptWeb前端开发电商 C 端电商平台,“行业赛道 海外电商 团队氛围”
Java开发工程师(大数据平台),奇富科技,18k-28k,[深圳·车公庙],经验3-5年 , 本科,科技金融 ,MySQL科技金融后端工程师Spring,“平台大、机会优”
大数据开发工程师,美设国际物流集团股份有限公司,15k-25k,[上海·虹口区],经验3-5年 , 本科,"物流平台,物流",物流平台物流｜运输,"“五险一金,全勤奖,高温补贴”"
大数据开发工程师,美设国际物流集团股份有限公司,15k-25k,[深圳·罗湖区],经验3-5年 , 本科,"物流平台,物流",物流平台物流｜运输,"“五险一金,全勤奖,高温补贴”"
大数据架构师,施耐德电气,25k-35k,[广州·珠江新城],经验5-10年 , 本科,IT技术服务,IT技术服务｜咨询数据服务｜咨询,“深入了解业务”
Hadoop大数据开发工程师,易华录集成,13k-16k,[北京·石景山区],经验1-3年 , 本科,其他 ,软件服务｜咨询Hive大数据开发经验Kafka计算机相关专业,“牛人带队，丰富的行业技术经验”
大数据架构师,施耐德电气,25k-35k,[北京·望京],经验5-10年 , 本科,IT技术服务,软件服务｜咨询物联网,“公司平台大，业务稳定”
大数据开发工程师,广州众志诚信息科技有限公司,15k-25k,[西安·新城区],经验1-3年 , 本科,"电商平台,内容社区 ",内容社区电商平台,“发展前景佳、团队实力强、老板nice”
大数据开发工程师,青岛智力云人工智能科技有限公司,6k-9k,[青岛·市南区],经验不限 , 大专,软件服务,软件服务｜咨询数据服务｜咨询,"“五险一金,免费班车,绩效奖金”"
资深高级大数据开发工程师（深圳运营） (MJ009778),SHEIN,35k-65k,[深圳·西丽],经验3-5年 , 本科,电商平台 ,JAVA数仓建设经验Hive大数据开发经验电商平台,“电商独角兽”
高级大数据开发工程师,SHEIN,20k-40k,[深圳·西丽],经验3-5年 , 本科,电商平台 ,人工智能服务大数据开发经验电商平台,“电商独角兽 出海业务”
大数据测试开发工程师-数据平台,字节跳动,25k-45k,[北京·海淀区],经验不限 , 本科,"内容资讯,短视频 ",弹性工作就近租房补贴年度体检补充商保,"“健身瑜伽,六险一金,团队氛围好”"
大数据开发实习生-国际支付,字节跳动,8k-9k,[北京·朝阳区],暂无,暂无,"内容资讯,短视频 ",数据挖掘,"“健身瑜伽,团队氛围好,扁平管理”"
大数据开发工程师(J13498),西域智慧供应链（上海）股份公司,12k-16k,[上海·浦东新区],经验1-3年 , 本科,制造业 ,制造业,"“五险一金,定期体检,弹性工作”"
大数据开发工程师,中科云谷科技有限公司,12k-20k,[长沙·望城区],经验3-5年 , 本科,其他 ,教育｜培训,"“绩效奖金,定期体检,方案”"
大数据与人工智能学院教师（大数据应用开发方向）,重庆工程学院,7k-10k,[重庆·巴南区],经验3-5年 , 硕士,教育,医疗｜保健｜美容,"“免费班车,五险一金,绩效奖金”"
高级大数据开发工程师,超视计科技,20k-30k,[广州·黄埔区],经验3-5年 , 硕士,医疗,营销服务｜咨询专业服务｜咨询,"“定期体检,绩效奖金,工龄奖”"
大数据开发助理（提供住宿）,成都维创利星科技有限公司,4k-6k,[成都·成华区],经验不限 , 大专,专业服务,数据分析数据仓库数据库开发科技金融数据处理,"“五险一金,员工旅游,专业培训”"
大数据开发实习生（25届校招岗）,汇川技术,8k-12k,[苏州·吴中区],经验不限 , 本科,其他 ,JAVAPL/SQL大数据开发经验居住服务工具类产品,"“五险一金,绩效奖金,定期体检”"
数据开发工程师,建信金科,25k-50k,[深圳·上沙],经验5-10年 , 本科,科技金融 ,科技金融,“最高比例五险一金、国企、薪酬有竞争力”
数据开发工程师,丽兹行,40k-45k,[北京·望京],经验3-5年 , 本科,居住服务 ,软件服务｜咨询教育｜培训大数据开发讲师,“六险一金”
数据开发工程师（2年以上）,速强信息,13k-14k,[北京·西直门],经验1-3年 , 本科,移动互联网 ,区块链科技金融,“双休”
大数据讲师,融勤教育,18k-25k,[东莞·东莞市市辖区],经验1-3年 , 大专,数据服务,暂无,“良好的发展前景”
大数据总监,北京必来屋网络科技有限公司,40k-60k,[北京·望京],经验5-10年 , 本科,金融业 ,暂无,“灵活办公，五险一金，团队氛围好”
高级安卓开发工程师,戴余科技,10k-15k,[广州·白云区],经验5-10年 , 本科,工具类产品 ,工具类产品游戏FlutterAndroidKotlin,“团队氛围好”
数据开发工程师,华泰保险,15k-25k,[北京·金融街],经验3-5年 , 本科,科技金融 ,科技金融,“行业前景好，工作氛围和谐”
测试开发工程师,华泰保险,15k-22k,[北京·德胜门],经验3-5年 , 本科,科技金融 ,自动化测试科技金融,“行业前景好，工作氛围和谐”
大模型专项-研发平台开发工程师,奇富科技,20k-35k,[深圳·车公庙],经验3-5年 , 本科,科技金融 ,JAVA分布式系统开发经验科技金融机器学习算法/工程化经验后端工程师,“平台大、项目优”
信息技术部共同资源开发处模型算法团队负责人(J19142),阳光产险,30k-50k,[北京·通州区],经验5-10年 , 本科,金融业 ,人工智能服务深度学习机器学习算法/工程化经验金融业,“平台大，管理规范，六险一金，年度团建，体检”
Java研发（测试开发方向） (MJ001556),百融云创,20k-40k,[北京·望京],经验3-5年 , 本科,"科技金融,人工智能服务 ",人工智能服务科技金融计算机/软件工程相关专业,“上市公司”
iOS开发工程师-直播技术,小红书,30k-60k,[北京·小关],经验3-5年 , 本科,"电商平台,内容社区 ",MCN｜直播平台内容社区Objective-CSwift,“发展前景好”
软件开发资深工程师（技术方向）,太平洋寿险,30k-50k,[上海·徐汇区],经验5-10年 , 本科,金融 ,JAVA科技金融,“发展前景优”
平台技术中心-Java开发工程师,美团,30k-50k,[北京·朝阳区],经验5-10年 , 本科,消费生活 ,MySQLMyBatis后端工程师Spring电商平台,“股票期权、带薪年假、晋升空间大、团队氛围好”
信息技术部共同资源开发处模型算法岗(J16882),阳光产险,20k-35k,[北京·通州区],经验3-5年 , 本科,金融业 ,金融业图像｜视频处理数据挖掘风控/反欺诈,“管理规范，六险一金，团队氛围好”
研发效能工具开发专家-研效,小红书,50k-80k,[北京·朝阳区],经验5-10年 , 本科,"电商平台,内容社区 ",JAVA架构师互联网后端工程师Python,“福利待遇好”
酷狗音乐前端开发工程师（技术）,酷狗音乐,25k-50k,[广州·天河区],经验1-3年 , 本科,音频,技能培训节日礼物年底双薪带薪年假,“大平台”
客户端开发工程师/技术专家-抖音体验分析,字节跳动,35k-50k,[北京·海淀区],经验不限 , 本科,"内容资讯,短视频 ",后端开发,"“健身瑜伽,六险一金,股票期权,带薪休假”"
Java开发工程师(A99836),雪球科技,16k-30k,[上海·临沂路],经验3-5年 , 本科,软件服务,软件服务｜咨询springcloud信息安全Redis后端工程师,“五险一金，补充商业险，绩效年终奖，年度体检”
前端开发实习生-品牌与营销技术,字节跳动,5k-8k,[北京·朝阳区],暂无,暂无,"内容资讯,短视频 ",web前端,"“团队氛围好,大牛带队,免费三餐”"
研发效能工具开发专家-研效,小红书,50k-80k,[上海·黄浦区],经验5-10年 , 本科,"电商平台,内容社区 ",JAVA架构师互联网后端工程师Python,“福利待遇好”
iOS开发工程师-直播技术组,小红书,30k-60k,[上海·黄浦区],经验3-5年 , 本科,"电商平台,内容社区 ",IT技术服务｜咨询音视频相关开发经验计算机/软件工程相关专业,“发展前景好”
后端开发实习生-基础技术,字节跳动,4k-8k,[上海·杨浦区],暂无,暂无,"内容资讯,短视频 ",弹性工作就近租房补贴年度体检补充商保,“免费三餐”
后端开发实习生-基础技术,字节跳动,4k-8k,[杭州·余杭区],暂无,暂无,"内容资讯,短视频 ",弹性工作就近租房补贴年度体检补充商保,“免费三餐”
电子系统技术开发工程师,重庆康佳光电技术研究院有限公司,9k-17k,[重庆·璧山区],经验1-3年 , 本科,医疗,医疗｜保健｜美容,"“上市公司,节日礼物,五险一金”"
研发与运维工程师（嵌入式开发）,深圳医学科学院,12k-20k,[深圳·光明区],经验3-5年 , 本科,软件服务,软件服务｜咨询springcloud信息安全Redis后端工程师,"“五险一金,绩效奖金,定期体检”"
Java开发工程师(A99836),雪球科技,16k-30k,[上海·临沂路],经验3-5年 , 本科,"电商平台,内容社区 ",内容社区电商平台,“五险一金，补充商业险，绩效年终奖，年度体检”
微信小程序或APP开发,助飞软件,6k-10k,[长沙·岳麓区],经验1-3年 , 本科,其他 ,制造业,“发展前景佳、团队实力强、老板nice”
Java开发工程师（ESb技术平台）,北京高阳金信信息技术有限公司,6k-10k,[济南·历城区],经验1-3年 , 本科,制造业 ,营销服务｜咨询专业服务｜咨询,"“五险一金,绩效奖金,定期体检”"
IT软件开发工程师,东莞宇宙,8k-9k,[东莞],经验1-3年 , 大专,专业服务,新能源汽车制造,"“五险一金,绩效奖金,包吃”"
大模型开发工程师,优仕邦咨询,30k-46k,[深圳·南山区],经验1-3年 , 硕士,新能源汽车制造 ,机器学习算法/工程化经验计算机相关专业无明显侧重,"“五险一金,年终奖金”"
应用开发经理（base肇庆）,深圳市新嘉拓自动化技术有限公司,15k-20k,[肇庆],经验5-10年 , 本科,金融业 ,区块链计算机相关专业,"“五险一金,定期体检,绩效奖金”"
区块链智能合约开发工程师,北京必来屋网络科技有限公司,30k-50k,[香港·湾仔区],经验3-5年 , 本科,金融业 ,工具类产品Android,“远程办公”
golang开发工程师（远程办公）,北京必来屋网络科技有限公司,25k-45k,[深圳·龙岗区],经验5-10年 , 本科,工具类产品 ,暂无,“远程”
后端开发实习生-基础技术,字节跳动,4k-8k,[北京·海淀区],暂无,暂无,"内容资讯,短视频 ",弹性工作就近租房补贴年度体检补充商保,“免费三餐”
IoT资源开发经理-金属结构件,字节跳动,15k-25k,[上海·杨浦区],经验不限 , 本科,"内容资讯,短视频 ",运营,“薪资优厚”
java后端开发工程师,百融云创,30k-40k,[北京·望京],经验5-10年 , 本科,"科技金融,人工智能服务 ",科技金融后端工程师Spring,“发展前景”
海外信贷业务Java开发高级工程师,信也科技,15k-30k,[上海·张江],经验1-3年 , 本科,"科技金融,人工智能服务 ",科技金融后端工程师,“发展空间大”
酷狗音乐Golang开发工程师,酷狗音乐,25k-50k,[广州·天河区],经验3-5年 , 不限,音频,技能培训节日礼物年底双薪带薪年假,“大平台”
php开发工程师（远程办公）,北京必来屋网络科技有限公司,20k-35k,[上海·黄浦区],经验5-10年 , 本科,金融业 ,科技金融计算机相关专业,“团队氛围好 发展空间大”
前端开发工程师,MATRIX TECH PTE.LTD.,20k-30k,[北京·西三旗],经验3-5年 , 本科,科技金融 ,科技金融Web前端开发电商平台,“待遇优厚，扁平管理。”
PHP开发（远程办公）,北京必来屋网络科技有限公司,20k-35k,[北京·朝阳区],经验5-10年 , 本科,金融业 ,Golang科技金融计算机相关专业,“团队氛围好 发展空间大”
react前端开发工程师,中电金信,14k-23k,[深圳·西丽],经验3-5年 , 本科,IT技术服务,金融业IT技术服务｜咨询,“六险一金+周末双休”
前端开发工程师,华风爱科,15k-20k,[北京·白石桥],经验1-3年 , 本科,工具类产品 ,软件服务｜咨询CSSHtml5JavaScriptVue,“气象大数据”
php开发工程师（TME全资子公司腾音）,腾讯音乐娱乐集团,13k-15k,[深圳·西丽],经验3-5年 , 本科,"工具类产品,内容社区,音频",GolangGOIT技术服务｜咨询,“年度体检、补充商业保险”
java后端开发工程师-效能后端,小红书,40k-60k,[上海·黄浦区],经验5-10年 , 本科,"电商平台,内容社区 ",互联网,“福利待遇好”
高级java开发工程师（酷我业务线）,腾讯音乐娱乐集团,35k-45k,[北京·朝阳门],经验5-10年 , 本科,"工具类产品,内容社区,音频",音频｜视频媒体,“优秀团队，完善福利，氛围Nice”
大数据开发工程师,数字马力,12k-18k,[郑州·管城回族区],经验3-5年 , 本科,"工具类产品,软件服务",软件服务｜咨询数仓建设经验C++IT技术服务｜咨询计算机相关专业,“周末双休、入职配备mac pro，人体工学座椅”
117120-资深开发工程师,平安科技,15k-20k,[成都·锦江区],经验5-10年 , 本科,"科技金融,人工智能服务,软件服务",金融Java,"“五险一金,带薪年假,定期体检,高温补贴”"
Java开发工程师,上海柏巨电子科技有限公司,12k-15k,[南昌·红谷滩区],经验不限 , 本科,IT技术服务,软件服务｜咨询科技金融后端工程师Spring计算机/软件工程相关专业,"“五险一金,全勤奖,绩效奖金”"
Java开发工程师,上海柏巨电子科技有限公司,12k-15k,[苏州·吴中区],经验不限 , 本科,IT技术服务,IT技术服务｜咨询,"“五险一金,全勤奖,绩效奖金”"
JAVA,京北方,10k-12k,[北京·西二旗],经验1-3年 , 本科,IT技术服务,科技金融后端工程师,“银行项目，长期稳定”
java开发工程师,京北方,12k-15k,[深圳·南山区],经验3-5年 , 本科,"电商平台,汽车交易平台 ",电商平台,“双休 五险一金 餐补 绩效奖”
java开发工程师,中电金信,18k-20k,[广州·东圃],经验5-10年 , 本科,软件服务,springcloud科技金融中大型项目架构经验后端工程师ORACLE,“大平台、大型系统”
java,北京泰斯听科技有限公...,12k-15k,[拉萨·城关区],经验不限 , 本科,营销服务,软件服务｜咨询JavaScript后端工程师SpringWeb后端开发,“1”
java高级开发工程师,赢时胜软件,20k-30k,[上海·浦东新区],经验5-10年 , 本科,IT技术服务,全栈工程师科技金融,“金融核心 股票证券 AI”
java开发工程师,深圳企域数字科技有限...,15k-25k,[深圳·南山区],经验5-10年 , 本科,软件服务,软件服务｜咨询后端工程师电商平台,“五险一金、午餐补贴、团队扁平、弹性上班”
java开发工程师,广州南天,10k-13k,[佛山·桂城],经验3-5年 , 本科,IT技术服务,全栈工程师springcloud大数据处理经验金融业IT技术服务｜咨询,“五险一金 周末双休 节日礼品 年度体检”
高级java开发工程师,领星,20k-40k,[深圳·西丽],经验5-10年 , 本科,科技金融 ,软件服务｜咨询金融业后端工程师计算机/软件工程相关专业,“团建下午茶；年度体检；双休；晋升空间大”
java开发工程师,中电金信,16k-25k,[深圳·西丽],经验3-5年 , 本科,工具类产品 ,软件服务｜咨询工具类产品后端工程师,“六险一金+项目稳定+周末双休+加班费高”
java开发工程师,汇合,13k-20k,[深圳·南山区],经验3-5年 , 本科,数据服务,全栈工程师中大型项目架构经验IT技术服务｜咨询计算机/软件工程相关专业,“六险一金 年终奖 加班费 过节费”
java开发工程师,零与壹软件,8k-15k,[杭州·拱墅区],经验不限 , 本科,软件服务,软件服务｜咨询IT技术服务｜咨询,“周末双休、年终奖、餐补”
Java开发工程师,上海柏巨电子科技有限公司,12k-15k,[南昌·红谷滩区],经验不限 , 本科,IT技术服务,物联网,"“五险一金,全勤奖,绩效奖金”"
Java开发工程师,上海柏巨电子科技有限公司,12k-15k,[苏州·吴中区],经验不限 , 本科,IT技术服务,flink银行科技金融MyBatis金融业,"“五险一金,全勤奖,绩效奖金”"
java开发工程师,京北方,14k-20k,[深圳·福田区],经验5-10年 , 本科,"电商平台,IT技术服务",软件服务｜咨询分布式系统开发经验MySQL新零售Spring,“餐补，五险一金，双休，绩效奖金”
java开发工程师,京北方,12k-20k,[北京·科技园区],经验5-10年 , 本科,IT技术服务,科技金融金融业后端工程师,“五险一金 带薪年假 完善的员工培训机制”
JAVA开发工程师,屈臣氏科技创新中心,15k-24k,[深圳·翠竹],经验5-10年 , 本科,科技金融 ,springcloudMySQL科技金融MyBatisspingboot,“良好的福利，充足的假期，轻松的办公环境”
java开发工程师,中电金信,15k-25k,[深圳·西丽],经验3-5年 , 本科,软件服务,软件服务｜咨询MySQLJavaScriptMyBatisSpring,“六险一金”
java开发工程师,汇合,12k-18k,[成都·武侯区],经验3-5年 , 本科,"生活服务,旅游",MyBatis旅游｜出行Spring电商平台,“七险一金 加班费 年终奖 季度绩效 补贴”
java开发工程师,金证睿服,13k-15k,[南京·鼓楼区],经验3-5年 , 本科,"科技金融,软件服务",保险后端,“相对稳定”
高级java开发工程师,龙腾出行,15k-25k,[广州·越秀区],经验3-5年 , 本科,IT技术服务,软件服务｜咨询中大型项目架构经验SQL Server后端工程师Spring,“季度绩效、大牛团队、培训机会多多”
java高级开发工程师,中华财险创新研发中心,20k-35k,[杭州·和睦],经验5-10年 , 本科,软件服务,IT技术服务｜咨询,“六险一金、完善的福利体制”
java开发工程师,广州南天,9k-12k,[广州·棠景],经验3-5年 , 大专,科技金融 ,科技金融IT技术服务｜咨询后端工程师Web后端开发计算机/软件工程相关专业,“双休，午休2小时，工作环境舒适，工作氛围好”
java开发工程师,金证睿服,9k-13k,[济南·历城区],经验1-3年 , 本科,人工智能服务 ,C++人工智能服务数据服务｜咨询,“长期稳定 双休”
java开发工程师,汇合,15k-30k,[杭州·江南],经验3-5年 , 本科,人工智能服务 ,软件服务｜咨询人工智能服务分布式系统开发经验MySQL机器学习算法/工程化经验,“工作日/周末/节假日如加班均有加班费。”
Java开发工程师,上海柏巨电子科技有限公司,12k-15k,[武汉·洪山区],经验不限 , 本科,IT技术服务,科技金融金融业Spring,"“五险一金,全勤奖,绩效奖金”"
Java开发工程师,上海柏巨电子科技有限公司,12k-15k,[长沙·岳麓区],经验不限 , 本科,IT技术服务,Hibernate在线教育MyBatis金融业小程序开发,"“五险一金,全勤奖,绩效奖金”"
高级java开发工程师,京北方,20k-22k,[北京·海淀区],经验5-10年 , 本科,"电商平台,汽车交易平台 ",电商平台,“五险一金、双休，”
Java开发工程师,京北方,15k-25k,[广州·东圃],经验3-5年 , 本科,IT技术服务,jvm分布式系统开发经验中大型项目架构经验旅游｜出行后端工程师,“周末双休 五险一金 环境优美 食堂”
Java开发工程师,北京泰斯听科技有限公...,12k-15k,[天津·马场道],经验不限 , 本科,数据服务,IT技术服务｜咨询后端工程师Web后端开发,“提升空间大”
高级java开发工程师,中电金信,16k-17k,[北京·朝阳区],经验3-5年 , 本科,"生活服务,旅游",生活服务JavaScriptMySQL旅游｜出行Spring,“周末双休”
java开发工程师,奇点浩翰,13k-22k,[上海·浦东新区],经验3-5年 , 本科,软件服务,软件服务｜咨询,“加班工资、六险一金、超长春节假期”
java开发工程师,龙腾出行,11k-18k,[广州·越秀区],经验1-3年 , 本科,"科技金融,软件服务",保险后端,“大牛团队，发展潜力大，提供成长通道&amp;空间”
高级java开发工程师,金蝶,25k-35k,[深圳·科技园],经验5-10年 , 本科,科技金融 ,软件服务｜咨询人工智能服务SpringORACLE,“SaaS”
java开发工程师,中华财险创新研发中心,10k-20k,[杭州·和睦],经验不限 , 本科,IT技术服务,软件服务｜咨询Hibernate人工智能服务MySQLMyBatis,“六险一金、完善的福利体制”
java开发工程师,汇合,9k-13k,[深圳·平湖],经验1-3年 , 本科,"电商平台,汽车交易平台 ",IT技术服务｜咨询Spring数据服务｜咨询ORACLE,“六险一金 过节费 餐补 交通补 住房补”
java开发工程师,融汇,18k-30k,[深圳·福田区],经验3-5年 , 本科,"电商平台,IT技术服务",顾客画像软件服务｜咨询MySQL新零售Redis,“六险一金、绩效奖金、年底奖金、周末双休”
java开发工程师,北京泰斯听科技有限公...,15k-20k,[北京·延庆区],经验不限 , 本科,软件服务,软件服务｜咨询JavaScriptMySQL后端工程师ORACLE,“13薪”
高级安卓开发工程师[广州·白云区],戴余科技,10k-15k,前端工程师[上海·曹杨],经验5-10年,本科,工具类产品,工具类产品游戏FlutterAndroidKotlin,“团队氛围好”
视频发布员[北京],WAP,23k-38k,激光工程师[株洲],经验不限,本科,软件服务,软件服务｜咨询CSSJavaScriptbabelWebpack,“外企，优秀团队，弹性工作，年10天以上带薪休假”
汽车线束工艺员[合肥·蜀山区],北京联众合创咨询服务有限公司,6k-7k,资讯工程师（外派越南）[苏州·昆山市],经验不限,不限,休闲,休闲｜娱乐,"“日结,提成,培训”"
助理电子工程师[深圳·宝安区],瑞昌中建材,6k-10k,产品经理[武汉·江夏区],经验1-3年,本科,新能源汽车制造,新能源汽车制造,"“五险一金,定期体检,绩效奖金”"
Python工程师[东莞],合肥科拿,6k-12k,通信线路工程设计师[恩施],经验1-3年,大专,网络通信,网络通信,"“社保,绩效奖金,专业培训”"
电气工程师[宁波],新至升,9k-13k,新媒体运营[西安·雁塔区],经验5-10年,大专,制造业,制造业,“发展前景佳、团队实力强、老板nice”
数据工程师[珠海·斗门区],深圳市蓝之洋科技有限公司,9k-13k,自然语言理解（大模型）实习生[北京·朝阳区],经验3-5年,大专,制造业,制造业,"“年度体检,年终奖金,带薪年假”"
视频发布员[北京],北京联众合创咨询服务有限公司,6k-7k,工程专案副理[苏州·昆山市],经验不限,不限,休闲,休闲｜娱乐,"“日结,提成,培训”"
中高级电子工程师（排插/充电头/充电器）[深圳·宝安区],新至升,15k-18k,IT软件开发工程师[东莞],经验10年以上,大专,网络通信,网络通信,“方案”
医药-即时零售品类运营[北京·朝阳区],深圳市蓝之洋科技有限公司,20k-35k,售后服务经理（六险两金+双休）[昆明·盘龙区],经验5-10年,大专,制造业,制造业,"“定期体检,方案,包住宿”"
软件开发工程师[深圳],东莞宇宙,8k-9k,应用开发经理（base肇庆）[肇庆],经验1-3年,大专,消费生活,商品,"“五险一金,绩效奖金,包吃”"
嵌入式软件工程师[广州·黄埔区],美团,15k-30k,电话客服[赣州],经验1-3年,本科,金融业,金融业,“核心岗位”
锂电池电气工程师[苏州·张家港市],中国平安人寿保险股份有限公司云南分公司昆明区域拓展第一支公司,12k-15k,产品经理[深圳·龙华区],经验5-10年,大专,制造业,制造业,"“六险二金,周末双休,法定节假”"
国外项目经理兼翻译（柬埔寨、泰国）[昆明·官渡区],广东领铸创新设备有限公司,8k-15k,资深平面设计师[佛山·顺德区],经验不限,本科,新能源汽车制造,新能源汽车制造,“发展前景佳、团队实力强、老板nice”
视频审核专员[北京],北京联众合创咨询服务有限公司,4k-5k,嵌入式软件工程师[深圳·宝安区],经验不限,不限,休闲,休闲｜娱乐,"“日结,兼职,提成”"
下沉市场-零售策略运营专家[北京·朝阳区],深圳市蓝之洋科技有限公司,20k-35k,高级软件开发工程师[广州·黄埔区],经验5-10年,大专,网络通信,网络通信,"“绩效奖金,年终奖金,带薪年假”"
FAE工程师[深圳·龙华区],美团,25k-50k,产品经理[深圳·宝安区],经验1-3年,本科,消费生活,电商,“团队氛围佳”
谷歌运营[广州·花都区],方瞳,10k-16k,项目经理[广州·花都区],经验3-5年,本科,新能源汽车制造,新能源汽车制造,"“五险一金,方案,员工旅游”"
营运专员[潮州·潮安区],AOK,20k-30k,电子工程师[东莞·塘厦镇],经验1-3年,本科,新零售,新零售,"“五险一金,定期体检,方案”"
游戏行业运营-抖音[上海·杨浦区],王麻子,20k-30k,测试工程师（车机）[深圳·坂田],经验5-10年,本科,制造业,制造业,"“五险一金,绩效奖金,交通补贴”"
资深数据分析师（海外社交方向）[广州·天河区],星坤机械,7k-10k,数据产品经理[深圳·南山区],经验1-3年,大专,贸易,贸易｜进出口,"“五险一金,定期体检,方案”"
游戏开发总监,新竞界,50k-100k,[上海·漕河泾],经验10年以上 , 本科,游戏 ,Unity3D,“晋升空间较大”
游戏开发总监,新竞界,40k-80k,[郑州·新郑市],经验10年以上 , 本科,游戏 ,节日礼物技能培训绩效奖金岗位晋升,“晋升空间较大”
游戏开发工程师 (MJ000520),博乐科技,18k-35k,[北京·来广营],经验不限 , 本科,游戏 ,弹性工作就近租房补贴年度体检补充商保,“六险一金，三餐房补，项目奖金”
cocos creator游戏开发工程师,CMGE中手游,25k-40k,[北京·酒仙桥],经验5-10年 , 不限,游戏 ,cocos2dxcocos creator手游开发经验FairyGUI,“发展前景”
小游戏开发者运营-抖音,字节跳动,25k-40k,[深圳·南山区],经验3-5年 , 本科,"内容资讯,短视频 ",Timeline3D游戏客户端开发经验IT技术服务｜咨询Unity3D开发经验,"“健身瑜伽,六险一金,团队氛围好”"
cocos游戏开发工程师,得游互娱,11k-18k,[福州·台江区],经验5-10年 , 大专,游戏 ,年终分红股票期权年底双薪五险一金,“五险一金、带薪年假”
unity3d游戏开发工程师,大昱,10k-15k,[深圳·科技园],经验1-3年 , 大专,IT技术服务,C/C++Unity3D开发经验Python,“专业”
u3d游戏开发工程师,成都塔利亚,8k-16k,[成都·武侯区],经验1-3年 , 大专,游戏 ,Unity3D,“朝九晚六，周末双休”
cocos游戏开发,乐堂控股集团,8k-15k,[长沙·芙蓉区],经验1-3年 , 大专,游戏 ,MCN｜直播平台VR/AR开发经验Unity3D开发经验,"“五险一金,绩效奖金,餐饮补贴”"
游戏开发,北京时空立方,11k-18k,[杭州·长河],经验1-3年 , 本科,IT技术服务,批发｜零售,“绩效奖、年终奖、包餐、带薪假、节日福利”
游戏开发,好喔科技,20k-30k,[杭州·小营],经验3-5年 , 本科,游戏 ,暂无,“有实力发展”
游戏开发,量动科技,10k-15k,[成都·武侯区],经验3-5年 , 本科,其他 ,暂无,“五险一金，双休”
游戏开发,成都新大瀚人力资源管理有限公司,30k-60k,[北京·海淀区],经验3-5年 , 本科,游戏 ,暂无,“弹性工作”
unity3d游戏开发工程师,烟台鲸游,10k-20k,[烟台·牟平区],经验3-5年 , 本科,批发,暂无,“高薪诚聘”
游戏开发工程师,合肥丰实科技,25k-50k,[合肥·蜀山区],经验1-3年 , 不限,游戏 ,教育｜培训,"“绩效奖金,包吃住,行政班”"
小游戏开发,宁波市诚享科技培训有限公司,8k-16k,[宁波·鄞州区],经验不限 , 本科,教育,软件服务｜咨询JavaScriptWeb前端开发图像｜视频处理web. 3D,"“五险一金,绩效奖金,弹性工作”"
游戏开发工程师,广州市蓝添电子科技有限公司,10k-16k,[深圳·南山区],经验不限 , 大专,其他 ,Unreal EnginePython,“方案”
HTML5 3D游戏开发工程师,北京君盾装备技术有限公司,15k-20k,[北京·朝阳区],经验3-5年 , 本科,游戏 ,系统策划,“我们会重视每一个求职者”
游戏开发工程师,卡带妖怪,10k-16k,[杭州·西兴],暂无,暂无,制造业 ,批发｜零售,"“学习领先技术,福利完善,氛围好”"
抖音小游戏开发工程师,龙星科技,5k-10k,[石家庄·青园],经验1-3年 , 本科,批发,C/C++手游开发经验端游开发经验,“与行业大牛同行，用代码书写未来”
UE游戏开发,粟丰实业,10k-20k,[上海·徐汇区],经验1-3年 , 本科,游戏 ,营销服务｜咨询专业服务｜咨询,“兼职”
C++ lua游戏开发,拾风趣游,10k-15k,[重庆·冉家坝],经验3-5年 , 本科,专业服务,C#C/C++LUAUnity3D开发经验计算机/软件工程相关专业,“技术大牛 领导NICE 公司稳定”
7-游戏开发/游戏策划/游戏美术,上海临港漕河泾人才有限公司,8k-15k,[上海·徐汇区],经验1-3年 , 本科,游戏 ,手游开发经验,“发展前景佳、团队实力强、老板nice”
u3d游戏开发工程师,宇宙发条,8k-13k,[深圳·宝安区],经验1-3年 , 本科,游戏 ,医疗｜保健｜美容,“与行业大牛一起开发模拟经营游戏世界”
Laya游戏开发工程师,万界网络,8k-10k,[广州·东圃],经验1-3年 , 大专,软件服务,教育｜培训,“包三餐 研发公司 六险一金 年度体检 双休等”
cocos游戏开发工程师,禾越科技,18k-25k,[杭州·余杭区],经验3-5年 , 本科,医疗,医疗｜保健｜美容,“扁平化管理”
高级Android应用与游戏开发工程师（Google Play方向）,深圳市基石领克网络科技企业,15k-25k,[深圳·宝安区],经验3-5年 , 大专,教育,暂无,“方案”
H5游戏开发工程师,恒诺尚辰,9k-13k,[大连·甘井子区],经验3-5年 , 本科,医疗,暂无,"“五险一金,定期体检,绩效奖金”"
unity3d游戏开发工程师,英伦丰创,10k-20k,[武汉·江岸区],经验1-3年 , 本科,"移动互联网,电商 ",C#软件服务｜咨询3D游戏客户端开发经验,“双休 五险一金 年终奖金 定期技术培训”
layabox H5 游戏开发工程师,奇侠互动,5k-8k,[杭州·西兴],暂无,暂无,游戏 ,Html5JavaScript,“六险一金”
游戏开发主程,大力软件,20k-30k,[珠海·香洲区],经验1-3年 , 大专,软件服务,C++服务端开发经验C++skynetlua计算机相关专业,“晋升空间大、工作时间合理”
游戏开发工程师,小小网络,5k-10k,[汕头·龙湖区],经验不限 , 不限,游戏 ,Unity3DJavaScript手游开发经验Unity3D开发经验,“稳定”
u3d游戏开发工程师,长沙趣找,25k-35k,[长沙·岳麓区],经验3-5年 , 本科,社交平台 ,Unity3D3D游戏客户端开发经验手游开发经验Unity3D开发经验,“老板人很好，团队氛围好，入职购买五险一金”
cocos creator游戏开发工程师,指尖与乐,5k-10k,[武汉·关山],经验1-3年 , 大专,游戏 ,多平台SDK接入CocosCreator手游开发经验小游戏开发,“团队氛围轻松和谐，职位晋升空间大”
游戏开发工程师,小数点,15k-22k,[广州·天河区],经验3-5年 , 大专,IT技术服务,Laya3DShader开发经验IT技术服务｜咨询手游开发经验计算机/软件工程相关专业,“福利待遇高，每周三下午茶，老板性格好”
cocos游戏开发工程师,乐谊狸,12k-15k,[上海·漕河泾],经验不限 , 不限,游戏 ,手游开发经验,“股份激励”
游戏开发工程师,煊烨传媒,11k-22k,[保定·容城县],经验3-5年 , 本科,"短视频,MCN",JAVAJavaScript休闲｜娱乐Objective-C手游开发经验,“为了不断提升我们的表现，我们需要识别并改”
小游戏开发（unity方向）,掌游天下Zplay,10k-18k,[长沙·望城区],经验3-5年 , 本科,游戏 ,计算机/软件工程相关专业,“重点项目，大牛带队”
cocos creator游戏开发工程师,同趣,7k-12k,[武汉·关山],经验1-3年 , 本科,旅游,C#C/C++手游开发经验Unity3D开发经验,“五险 年假”
unity3d游戏开发工程师,梦境出游,12k-18k,[武汉·关山],经验5-10年 , 本科,游戏 ,JavaScriptcocos creator计算机/软件工程相关专业,“游戏行业领头羊 福利丰厚 资金雄厚”
cocos游戏开发工程师,奶糖互娱,8k-13k,[杭州·余杭区],经验不限 , 大专,游戏 ,cocos2dxcocos creator手游开发经验小游戏开发,“福利待遇好，发展前景大”
职等你-cocos游戏开发工程师(13薪、晋升),极度信息,10k-15k,[长沙·芙蓉区政府],经验3-5年 , 大专,"移动互联网,文娱丨内容 ",TypeScriptJavaScript手游开发经验2d游戏,“年终奖：13薪（年底双薪）”
cocos creator游戏开发工程师,鲜芋科技,15k-20k,[杭州·西溪],经验3-5年 , 本科,游戏 ,暂无,“有爱团队，发展空间大”
游戏策划,Jackpot 杰克帕特,8k-15k,[北京·立水桥],经验1-3年 , 本科,游戏 ,数值策划数据分析关卡策划海外休闲游戏逻辑能力,“发展空间大 弹性工作 工作氛围好 大牛多”
游戏策划,Castbox,12k-20k,[北京·望京],经验1-3年 , 本科,音频,节日礼物年底双薪绩效奖金岗位晋升,“扁平管理 出海游戏 不卷”
游戏策划,博乐科技,12k-20k,[北京·来广营],经验不限 , 本科,游戏 ,游戏,“六险一金，餐补，房补，项目奖金”
执行策划,Jackpot 杰克帕特,10k-20k,[北京·立水桥],经验1-3年 , 本科,游戏 ,数值策划休闲｜娱乐系统策划,“项目奖金，双休”
关卡策划,CMGE中手游,20k-40k,[上海·龙柏],经验3-5年 , 本科,游戏 ,休闲｜娱乐,“战略项目”
游戏策划,边锋,18k-35k,[杭州·西湖区],经验5-10年 , 本科,游戏 ,关卡策划剧情策划系统策划,“公司背景强大，福利待遇完成，核心关键岗位”
游戏主策划,闲徕互娱,25k-50k,[北京·朝阳门],经验5-10年 , 本科,游戏 ,UE系统策划,“平台好、核心团队、不要996”
海外游戏制作人/主策划（广州）,塔思科技,25k-50k,[广州·东圃],经验5-10年 , 本科,"游戏,软件服务",数值策划关卡策划剧情策划系统策划,“年度体检/团建 公司旅游 年底双薪”
游戏策划,弈秋网络,15k-30k,[深圳·大冲],经验5-10年 , 大专,"游戏,软件服务",移动互联网,“周末双休 晚餐补贴 交通补贴 健康体检”
海外游戏制作人/主策划（北京）,塔思科技,25k-50k,[北京·望京],经验5-10年 , 本科,"游戏,软件服务",数值策划三消游戏,“年度体检/团建 公司旅游 年底双薪”
抖音社交游戏策划,字节跳动,30k-60k,[深圳·南山区],经验3-5年 , 本科,"内容资讯,短视频 ",游戏,"“下午茶,健身瑜伽,六险一金,股票期权”"
高级游戏关卡策划（休闲三消）,竞技世界,25k-35k,[北京·回龙观],经验5-10年 , 本科,游戏 ,交通补助绩效奖金节日礼物定期体检,“上升空间大 团队氛围好”
关卡策划 J10493,卓越工坊（北京）科技有限公司,20k-40k,[苏州·虎丘区],经验5-10年 , 大专,游戏 ,技能培训领导好节日礼物,“五险一金 年终奖金 带薪年假 体检 发展空间”
游戏系统策划,边锋,20k-40k,[杭州·翠苑],经验3-5年 , 本科,游戏 ,暂无,“全额五险一金；周末双休”
游戏系统策划,乐元素游戏,18k-30k,[北京·海淀区],经验3-5年 , 本科,游戏 ,暂无,“准上线项目 奖金丰厚”
海外游戏制作人/主策划（成都）,塔思科技,25k-50k,[成都·武侯区],经验5-10年 , 本科,"游戏,软件服务",数值策划关卡策划剧情策划系统策划,“年度体检/团建 公司旅游 年底双薪”
资深战斗策划 J10510,卓越工坊（北京）科技有限公司,25k-40k,[苏州·湖东],经验10年以上 , 大专,游戏 ,游戏,“知名IP，开放世界SOC RPG手游，UE5引擎”
资深系统策划,Zenjoy,20k-35k,[北京·朝阳门],经验5-10年 , 本科,游戏 ,游戏游戏策划,“六险一金，出国旅行，一日三餐，年底双薪”
游戏策划,爱扑网络,7k-12k,[上海·宝山区],经验1-3年 , 本科,游戏 ,智能硬件,"“五险一金,全勤奖,定期体检”"
游戏策划,灵童机器人,6k-12k,[成都·武侯区],经验3-5年 , 本科,智能硬件 ,社交平台,“五险一金”
系统策划（休闲游戏方向）,新言科技,13k-20k,[广州·天河区],经验3-5年 , 本科,"社交平台,游戏 ",节日礼物技能培训绩效奖金岗位晋升,“13薪，季度奖金，加班薪资等”
游戏系统策划,CMGE中手游,20k-30k,[北京·酒仙桥],经验5-10年 , 大专,游戏 ,游戏策划,“发展前景”
关卡策划（消除类游戏方向）,Zenjoy,10k-20k,[北京·朝阳门],经验1-3年 , 本科,游戏 ,技能培训领导好节日礼物,“六险一金，出国旅行，一日三餐，年底双薪”
游戏系统策划,乐元素游戏,18k-30k,[北京·海淀区],经验3-5年 , 本科,游戏 ,游戏,“准上线项目 奖金丰厚”
资深关卡策划,卓越工坊（北京）科技有限公司,25k-40k,[苏州·湖东],经验10年以上 , 大专,游戏 ,数值策划战斗策划系统策划资源策划,“知名IP， 开放世界SOC RPG，UE5引擎”
游戏策划实习生（系统/数值/战斗/资源向）,盖娅互娱,2k-3k,[北京·望京],暂无,暂无,游戏 ,数值策划战斗策划系统策划,“周末双休 有转正机会”
游戏策划（战斗/数值/系统）,网龙网络公司,15k-30k,[福州·温泉],经验1-3年 , 本科,"移动互联网,游戏 ",交通补助绩效奖金节日礼物定期体检,“五险一金”
资深游戏数值策划,边锋,30k-60k,[杭州·翠苑],经验5-10年 , 本科,游戏 ,rpgMMO,“全额五险一金、周末双休”
游戏数值策划,小野人,13k-18k,[深圳·西丽],经验3-5年 , 大专,游戏 ,数值策划关卡策划剧情策划战斗策划系统策划,“告别加班！ 告别内卷！ 告别996！”
游戏策划,智游九阴,15k-30k,[广州·番禺区],经验3-5年 , 本科,游戏 ,暂无,“期间自由”
资深游戏关卡策划（消除类游戏方向）,Zenjoy,20k-35k,[北京·朝阳门],经验5-10年 , 本科,游戏 ,节日礼物顶配Mac小而美扁平管理,“六险一金，出国旅行，一日三餐，年底双薪”
资深战斗策划,卓越工坊（北京）科技有限公司,25k-40k,[苏州·湖东],经验10年以上 , 大专,游戏 ,游戏,“知名IP，开放世界SOC RPG手游，UE5引擎”
高级系统策划,卓越工坊（北京）科技有限公司,20k-35k,[苏州·湖东],经验5-10年 , 大专,游戏 ,游戏,“福利待遇好、发展前景大”
高级游戏策划/主策划,杭州彩菱科技有限公司,15k-25k,[杭州·西溪],经验5-10年 , 本科,游戏 ,数值策划手游剧情策划战斗策划系统策划,“五险一金、项目奖金、节日福利、下午茶、团建”
资深游戏策划/主策/制作人/运营策划,Magic Tavern,30k-60k,[北京·左家庄],经验5-10年 , 本科,游戏 ,游戏运营系统策划商业化策划,“爆款产品”
游戏主系统策划（MMO/SLG）,自由间隙,25k-50k,[上海·漕河泾],经验5-10年 , 本科,"游戏,区块链,人工智能服务 ",游戏策划,“大公司，大项目，大平台，福利待遇好”
游戏数值策划,Zenjoy,15k-20k,[北京·朝阳门],经验3-5年 , 本科,游戏 ,交通补助绩效奖金节日礼物定期体检,“六险一金，出国旅行，一日三餐，年底双薪”
资深游戏数值策划,边锋,30k-60k,[杭州·翠苑],经验5-10年 , 本科,游戏 ,节日礼物年底双薪绩效奖金岗位晋升,“全额五险一金、周末双休”
游戏数值策划,博乐科技,12k-18k,[北京·朝阳区],经验不限 , 本科,游戏 ,年底双薪绩效奖金带薪年假交通补助,“六险一金，餐补房补，项目奖金”
游戏数值策划,得游互娱,13k-25k,[福州·台江区],经验3-5年 , 大专,游戏 ,数值剧情游戏游戏策划,“五险一金、带薪年假”
游戏数值策划,新言科技,12k-20k,[广州·天河区],经验1-3年 , 本科,"社交平台,游戏 ",执行策划任务策划,“绩效奖/13薪/每天下午茶/餐补/车补/节日礼品”
游戏系统策划,乐堂控股集团,12k-20k,[广州·天河区],经验3-5年 , 本科,"移动互联网,游戏 ",手游策划游戏执行策划系统策划,"“五险一金,绩效奖金,年终奖金”"
执行系统策划,心游科技,4k-8k,[珠海·香洲区],经验不限 , 大专,游戏 ,暂无,"“牛人多,团队氛围好,双休,工作环境好”"
游戏策划实习生（任务、执行方向）,汉家松鼠,4k-6k,[成都·高新区],暂无,暂无,游戏 ,暂无,“项目好，小伙伴游戏，工作氛围好”
